Gene1,Gene2,Gene3,Gene4,Gene5,Gene6,Gene7,Gene8,Gene9,Gene10,CancerType
5.496714153011233,4.861735698828816,5.6476885381006925,6.523029856408026,4.765846625276664,4.765863043050819,6.5792128155073915,5.7674347291529084,4.530525614065048,5.542560043585965,TypeA
4.536582307187538,4.5342702464297435,5.241962271566035,3.086719755342202,3.2750821674869672,4.437712470759028,3.9871688796655764,5.314247332595274,4.091975924478789,3.5876962986647083,TypeA
6.465648768921554,4.774223699513464,5.067528204687924,3.575251813786543,4.455617275474817,5.110922589709866,3.8490064225776974,5.3756980183456715,4.399361310081195,4.708306250206723,TypeA
4.398293387770603,6.852278184508938,4.986502775262066,3.9422890710440996,5.822544912103189,3.7791563500289778,5.208863595004756,3.040329876120224,3.6718139511015693,5.1968612358691235,TypeA
5.738466579995411,5.17136828118997,4.88435171761176,4.698896304410711,3.5214780096325726,4.280155791605291,4.539361229040212,6.057122226218915,5.343618289568461,3.236959844637266,TypeA
5.3240839693947954,4.6149177195836835,4.323077999694041,5.611676288840868,6.030999522495951,5.931280119116199,4.160782476777362,4.690787624148785,5.331263431403564,5.975545127122359,TypeA
4.52082576215471,4.8143410233361825,3.893665025993972,3.803793375919329,5.812525822394198,6.356240028570823,4.927989878419666,6.003532897892024,5.361636025047634,4.354880245394876,TypeA
5.361395605508414,6.538036566465969,4.964173960890048,6.564643655814006,2.3802548959102556,5.821902504375224,5.087047068238172,4.7009926495341325,5.091760776535502,3.012431085399107,TypeA
4.780328112162488,5.357112571511746,6.477894044741516,4.481729781726353,4.191506397106813,4.498242956415464,5.915402117702074,5.3287511096596845,4.470239796232962,5.513267433113356,TypeA
5.0970775493480405,5.968644990532889,4.297946906122648,4.672337853402232,4.607891846867842,3.5364850518678814,5.296120277064576,5.261055272179889,5.005113456642461,4.765412866624853,TypeA
3.5846292579495858,4.579354677234641,4.65728548347323,4.197722730778381,4.838714288333991,5.404050856814538,6.88618590121053,5.174577812831839,5.2575503907227645,4.925554084233832,TypeA
3.0812287847009587,4.973486124550783,5.060230209941026,7.463242112485286,4.807639035218878,5.301547342333612,4.965288230294757,3.8313219623804677,6.1428228145150205,5.751933032686774,TypeA
5.791031947043047,4.090612545205261,6.402794310936099,3.598148937207719,5.58685709380027,7.190455625809978,4.009463674869312,4.433702270397228,5.099651365087642,4.496524345883801,TypeA
3.4493365689338673,5.068562974806027,3.937696286273895,5.473592430635182,4.080575765766197,6.54993440501754,4.216746707663763,4.677938483794325,5.81351721736967,3.769135683566045,TypeA
5.22745993460413,6.307142754282428,3.3925167654387725,5.184633858532305,5.259882794248424,5.78182287177731,3.763049289121918,3.6795433869157237,5.521941565616897,5.296984673233186,TypeA
5.250492850345877,5.346448209496976,4.319975278421509,5.232253697161004,5.293072473298682,4.285648581973632,6.865774511144757,5.4738329209117875,3.8086965027973516,5.65655360863383,TypeA
4.025318329772679,5.787084603742452,6.158595579007404,4.179317681648289,5.963376129244322,5.412780926936498,5.82206015999449,6.896792982653947,4.754611883997129,4.246263835642511,TypeA
4.110485570374477,4.184189715034561,4.922898290585896,5.341151974816644,5.276690799330019,5.827183249036024,5.013001891877907,6.453534077157316,4.735343166762044,7.720169166589619,TypeA
5.625667347765006,4.142842443583717,3.929107501938888,5.482472415243185,4.776537214674149,5.714000494092092,5.473237624573545,4.927171087343127,4.153206281931595,3.4851527753141354,TypeA
4.553485047932979,5.856398794323472,5.214093744130204,3.754261221288012,5.173180925851182,5.3853173797288365,4.116142563798867,5.153725105945528,5.058208718446,3.8570297021693767,TypeA
5.357787360348283,5.560784526368234,6.083051243175277,6.053802052034903,3.622330632042909,4.062174960084877,5.51503526720866,5.513785950912209,5.515047686306048,8.85273149065472,TypeA
5.570890510693167,6.135565640180599,5.954001763493203,5.651391251305798,4.684730755359654,5.758969220493268,4.227174785462428,4.763181393259991,4.514636452170897,5.081874139386323,TypeA
7.314658566673509,3.132734807408252,5.686260190374513,3.3872841288103483,4.528068134210566,6.088950596967366,5.064280019095463,3.922255222070694,4.284696290740031,5.679597748934675,TypeA
4.2696333682828636,5.216458589581975,5.045571839903814,4.348399652394183,7.143944089325325,5.633919022318011,2.974857413342393,5.186454314769428,4.338213535231612,5.852433334796224,TypeA
4.2074792615673,4.885263558533101,5.504987278980457,5.865755194170122,3.7997035929442236,4.665498764159052,4.5250546888390435,4.346670767426288,6.765454240281096,5.404981710960955,TypeA
3.7391160456649546,5.917861947054776,7.122156197012633,6.032465260551147,3.4806300340459866,4.5157659271337485,6.2669111491866225,4.292330534381219,5.443819428146228,5.774634053429336,TypeA
4.073069528421917,4.9404746439382,1.7587326599309274,3.9756123586657104,4.74743184860684,3.7522168180351505,6.632411303931635,3.5698586220393675,4.5599555133030165,5.130740577286091,TypeA
6.441273289066116,3.5641378488205606,6.16316375215496,5.010233061019587,4.018491348952049,5.46210347426327,5.19905969557347,4.399783122841205,5.069802084990019,4.61468640313824,TypeA
5.113517345251248,5.6621306745210465,6.586016816145352,3.762184501173151,7.133033374656266,3.047912200477498,4.848214904964417,5.588317206484577,5.2809918677350325,4.377300480179406,TypeA
4.791877749642725,4.506999065341168,4.410635243055788,5.849602097021025,5.357015485965047,4.307090404739346,5.899599875433251,5.307299520876609,5.81286211883896,5.629628841923612,TypeA
4.171004989077928,4.439818959803031,5.747293605123262,5.610370265433465,4.979098406035852,5.117327383308782,6.2776648957884245,4.40842861116417,5.547097381170038,4.797807347566106,TypeA
4.782318796772779,6.09877685198719,5.82541634898803,5.813509636000639,6.305478807154329,5.021003841632759,5.6819529712949635,4.689733243406544,5.324166352488442,4.869856945632315,TypeA
5.096995964992718,5.595157025436913,4.181779316766527,7.092387275685461,3.993982618500298,3.785811387212268,6.158110873500068,5.791662693962936,5.624119817052155,5.62834550926428,TypeA
4.987753227153085,4.102745628514168,5.075804558193727,4.322838288487889,5.975119733417751,4.8529426184978615,4.1745028032074885,4.678614158347006,5.412931454275625,4.436275447196025,TypeA
4.177779604433568,5.243687211491912,5.244966571108723,4.49305682462887,4.528961694381677,5.232049937357636,3.5519156585026757,3.5925362256234448,4.281555778747564,4.786552848288153,TypeA
5.310907565598004,6.475356216949552,5.85765962320202,4.840061470036573,4.9809837920973115,3.997470635362191,4.98148686400761,4.711341361079862,5.32271856033809,4.172769056447677,TypeA
5.519346514241172,6.532738913002578,4.891239851543142,5.401711722098941,5.690143991711112,4.5987795281141635,5.224092481810417,5.012592400781795,5.097676098548832,4.226990216144533,TypeA
5.024510174258943,5.49799829124545,6.451143607795042,5.9592708260852065,7.153182457511557,4.23265243711195,5.872320636720678,5.183342005738352,7.189802933217672,4.191701714644848,TypeA
4.160278157819224,4.400607354555978,2.876104275690193,4.474244978319239,4.240867338446302,5.150393786476208,5.3417559757771595,6.876170839215886,5.95042383818605,4.423096344337597,TypeA
4.101585328651642,5.491919171506506,3.6797667929793576,6.831458765854354,6.179440120721287,4.530824347895296,3.2868654709091225,6.353872374165412,4.885460154747382,6.237816311973462,TypeA
3.405572341205633,4.400624977046228,5.005243699718183,5.046980593764742,4.549934528520756,5.622849932347499,3.932379570617406,4.857620514978707,5.120295631711899,5.514438834058749,TypeA
5.71161487808889,3.8753579081621305,3.4658858292643777,6.277676821898509,5.332314011979592,4.251513463443446,6.551151975522523,5.1156746342928585,6.179297184063826,5.067518481410109,TypeA
7.060747924881987,6.755340842443204,4.751035851520927,5.971570950954355,5.645375949585148,6.368631557532349,4.0350765394198955,5.686051459998439,6.058424486849588,3.2412605135768855,TypeA
3.816741487334225,2.9607678222398994,4.730593165555442,5.717542255795962,6.502357052096028,5.074094780419776,6.628615545571292,3.6198985417851084,3.2966175606448456,4.944452301103381,TypeA
5.384065448939308,4.967305251905907,2.9325578999601234,4.910879960487212,3.695530499495147,5.669672548830039,5.366598246096848,4.060120213672644,4.486133082663306,3.9407864781110487,TypeA
4.937320902726828,5.955142320501238,4.014273953664456,5.504046515517844,4.469742381627559,4.207127167737656,4.892969640045442,3.964757677580626,4.446350694652818,3.8021221074111518,TypeA
6.9647251329163895,5.035263551971728,4.300274492007414,5.213979910734222,4.88767195030917,4.779030400466777,5.614166700043425,5.757507710047305,4.4694988523894725,4.42418175935532,TypeA
4.724948302848356,2.698078835264415,3.4848089378014477,6.3668742674445244,6.644967713501284,4.750963960443622,5.576556963055767,5.311250154543536,8.078880808455239,6.119574911434577,TypeA
4.872082408519233,4.0444595593995745,3.3935536797424275,5.203463635867223,4.243649254715697,3.5777462904023256,4.353427115757474,3.9184519963856053,6.687141635072565,5.8816397569494505,TypeA
4.992027358683383,6.479944138890026,5.077368307647618,4.138715798671736,6.5231240772696575,5.538910043684659,3.962753845673544,4.8096613219163915,4.124381746615243,3.617200269035664,TypeA
5.926177547531641,6.9094166404701305,3.6014324261808586,5.562969236690571,4.3493574308781735,4.512874616235304,4.407606075761131,4.136009230320184,5.048521627944827,4.169049883588962,TypeA
5.2704568257798385,4.949761890550863,4.76105195313359,4.092436337958402,4.423228669431667,5.755391225825756,5.500917187624381,4.022444755201449,5.099332305429225,5.751387123371789,TypeA
3.3305947188786282,5.543360192379935,4.337376241054153,5.570598668593159,4.236740843457483,3.195117899335481,3.3724575621168373,5.048084946661382,5.259722501721482,4.095683374895591,TypeA
5.638592458777374,3.33847993773104,4.9339202013526835,3.7889838002375433,4.3481638921978405,5.047398671316414,4.139586634716047,4.615444455770175,6.0062928092144405,4.423108130476852,TypeA
5.835692112065142,3.870293145342382,5.529804177915283,6.4415686206579,2.5283554998727107,4.203104744529523,5.57707212718054,4.796954613957007,5.371145873371309,4.39601481328418,TypeA
5.0865897874729,4.84432276460792,6.167782061659807,5.254420843301213,5.337602662075202,4.588123033877532,4.512393775927507,4.5674418121803795,5.394452142378297,4.5790155191797375,TypeA
5.289774856896413,7.075400798645439,5.8711247034316925,4.6739764678321585,6.201213922163944,4.591924626978448,2.961875464822146,3.9919136890825957,3.1292080789741443,4.648486515958691,TypeA
5.018418379189551,6.676437312275283,5.326927373764162,4.780899471191136,5.829405581183489,2.788864690992115,5.235614558108566,5.770865193886967,3.5214137542201582,6.143754043206929,TypeA
5.338496407494414,4.584712086099199,5.632781866106285,7.270692857804396,5.1818662550584955,5.248220586300336,4.540639100459756,4.150155630535208,5.830335816544245,4.1439161740911326,TypeA
5.071566237219392,4.522342553234884,5.478979825746392,5.333662105286948,6.037539944257899,4.489983601145253,4.730125064706629,4.021236284217693,4.555706739923888,5.377300493044852,TypeA
5.756988616645351,4.077834675822374,5.86960592010566,6.3556378588049505,5.413434903223701,6.876795812558066,4.2262108008964265,3.755345296688583,3.2212797510957216,6.496044311489183,TypeA
5.654365656354058,4.944415329089545,5.27996862631982,3.8745109527016233,7.445751979616826,5.129221181975227,5.109394794604893,5.725766623898692,5.481009231736714,5.223884024279132,TypeA
4.209525544554688,5.471468357135996,6.882024496475034,6.3454200461549775,6.5931866266393975,4.488784323568815,4.010395179741419,4.874213079900352,5.055724912288695,6.094191518470948,TypeA
3.307535370285181,6.529550319460614,4.8419921014210106,4.57311893005258,3.9878956247398323,3.3451433281342307,5.823170583961915,5.073317967188403,3.710039100258946,3.704921227936384,TypeA
4.664215300709872,6.669021525289393,4.740408648636395,3.496857046881894,4.754256935914055,4.72727643025233,2.3031133570584283,4.945705133482188,4.769065469791322,5.696206364813419,TypeA
6.848956094945345,6.126565029547757,4.731111309445169,3.8934740912583297,7.57335980324986,5.059218434014488,5.013929291912946,4.975874912889997,5.198084760767855,4.855639588076057,TypeA
4.4263379931197635,4.453141058759607,4.9672467297840015,4.456575228866235,4.287154217322835,5.106430227691897,4.745022782579145,6.503992988582689,2.349030191606988,6.091506851922462,TypeA
6.246085192497629,2.9266097675918505,4.657312405919651,4.628559134004209,3.5924883052821786,4.222183312409125,3.8894241545341712,6.7522704434236225,5.9356783931474615,6.2715550949941585,TypeA
5.7216720640432355,3.870948228782771,4.475479733720226,5.489374561227918,3.7778721911080546,5.712998430172388,4.759674601841865,4.625179192450402,5.7109599682034915,5.44426331148604,TypeA
4.63903383418092,6.159329803364248,3.9189366724001027,5.615935606944264,5.593101257968383,4.690453560686009,5.326133022242118,3.748886423614697,5.924027019206901,4.8150978635570105,TypeA
4.47727697948096,6.0490092258368895,4.29565630945724,3.5915387036364406,3.4433708264760963,5.60600995134564,3.719570647503717,6.754794181984365,2.918070592116278,6.696456368290038,TypeA
5.211017467202619,4.903286888129608,4.4550809131910505,5.399136114352071,4.962365297575151,6.103301882016521,5.114227648662039,5.150301761461877,4.636387787786144,4.9430543762789325,TypeA
5.307801768892059,3.289831607343374,3.651814577894287,5.743264094022715,5.170865438127942,4.8160166636473205,5.018433933065393,5.347581705361671,4.460240319690638,4.221695274597687,TypeA
5.195845255097682,4.021627222384968,5.4082527557144715,3.2974163957621596,6.029155637325644,5.472597482413043,5.256029734313875,5.982690983945514,6.665474444462577,6.014370065018131,TypeA
3.1591257686683547,3.7204230332642982,4.375181422304321,5.026091050210834,5.517659020469123,4.274256186846534,5.1867667644770785,4.2446170676466775,4.388482197008051,3.5933389031517775,TypeA
4.076766753889096,3.6483153943836664,4.024126747022668,6.05364179660784,4.050601111168057,7.63238206483739,5.493317900880889,5.184836123694874,4.141642219818786,5.700309879408992,TypeA
4.424362173762226,5.122009814645361,7.560084538268795,4.90394010027535,6.149273326285676,4.296823574874113,4.9650115095030385,6.77080063563551,4.373032942212233,6.8124485579969285,TypeA
5.707751935455476,4.437533224105732,5.632407739055521,5.97255444962673,5.621809962217196,3.429775280109544,4.272862824175132,4.752481364448495,4.925566570899954,5.620672097550678,TypeA
5.177701000933254,3.6646556412898987,5.380197851005963,5.6105857452838235,5.559790447931039,6.080780725554622,5.833922154548904,5.459180079228437,4.929834288541353,3.3390390664840086,TypeA
5.4296182191325855,5.207687687163111,5.271578837195373,3.723251424179691,3.9189434595917376,6.053152853332904,4.960444846143345,5.681500697372624,5.0283183761304615,5.0297561394957455,TypeA
5.938283805975997,4.4839552717826265,5.0961207769409835,4.537724711294958,4.565503772567684,4.690827876531361,5.222133771633713,4.5212513783365225,6.255756125573521,4.105392697780496,TypeA
4.813128355838641,4.560268941725825,6.446977884353733,5.196554776511575,6.031844539468635,3.514439626963028,5.267050265869258,5.889630795623437,5.082283989275425,6.065480375065351,TypeA
4.482711549899628,6.40934744018558,7.29889812361925,4.637161439560341,4.554497478599228,6.453384477117701,6.579572145730713,4.477139972846731,4.579813182904143,4.718215391139493,TypeA
3.6555494889657227,4.081348053515802,3.9958592332479324,4.232202434895871,4.965315112613219,5.234214732536521,6.550500492814077,4.001645959261209,5.984322398476584,4.786011155774491,TypeA
4.950536290347567,5.674819492166604,3.8772779784377014,5.3824097461840505,5.166452208213056,5.4924512640081495,5.289168643907818,7.455300139910895,4.362260015748684,4.469003044998182,TypeA
4.3768594735752355,4.444522880839745,4.362612872693482,6.189016531107551,6.420504247989855,4.429253706250524,4.167644426895771,5.471415556386404,4.4477769557190285,5.6329318177555106,TypeA
5.2029230208512995,3.484255885002768,6.547505201330061,6.7958776730955215,4.387211309515614,4.6122984400640155,5.285865390724905,5.3344567899870245,5.65854427267283,7.01020453876635,TypeA
4.82305277250595,4.201702755461547,3.620680771985473,4.269069960058081,4.966873027126203,6.794557863517788,4.482388700963829,5.223787951638898,4.983577103927248,6.188393273448084,TypeA
7.526932425873621,4.4691312270796795,4.510560557481778,6.044160877069072,5.681891489626311,6.846707325736034,5.583928185325964,4.64070790921294,5.590654830692309,6.108703580582908,TypeA
5.820482181197364,5.507274031107298,6.066674689589154,6.169295590445673,6.382158991037527,5.648709887589643,4.832881919683146,5.146713686433323,6.206508966508357,4.183064329012764,TypeA
5.368673308872901,4.606661187672639,5.028744822934818,6.278451862607299,5.191099068019903,5.046436548156149,3.640143859020081,5.746253566027221,5.645484181141075,7.16325472330546,TypeA
4.692221765046999,5.219150327663939,5.2493836837107555,6.577453279763475,4.904704467613048,5.2790215257703395,5.607896509716539,5.186609123156358,4.5535663854494715,5.1940899928983075,TypeA
6.073631749859772,3.9734847005889398,5.132969674146876,4.299879185060827,6.1950466289248425,3.476813095216225,4.441078152728411,5.377211875064521,6.56552402923434,4.934249738927012,TypeA
4.444800473306802,6.88115706944059,3.5519860995837558,2.801194043379918,5.440014450053332,4.497945775647389,3.9787671828692868,5.708356447299353,5.243800713771199,4.435921369263272,TypeA
3.7196956013291054,5.872457328280145,5.650201177958661,4.900824136220617,6.846636996047666,3.9299152336738477,3.474474829075261,4.3080919301187555,4.9544139836445025,5.243339449322692,TypeA
4.75876394214367,5.352055396514297,3.748460575809556,6.44376460407326,4.917848821607431,6.117295831588128,5.342725346377704,5.456753219153784,5.569767280232204,5.447708560017315,TypeA
5.642722759867544,6.329152530132431,5.19652116970147,5.709003757588512,4.910264305712773,6.440117215449472,4.32360769794073,6.800940432910815,4.9598420493556565,3.569224897881952,TypeA
5.128104414910789,4.318948342525119,5.840643548988724,4.3473760206976095,4.55381656678522,3.110459269054469,4.547693680750923,2.5761206733710433,3.4160971765142767,5.760414656144297,TypeA
5.785800158650832,5.425457561784965,4.033023856870787,4.9522886438580205,4.9963974609094315,3.8416353108074572,6.503398301767151,5.877362290575672,4.779035826170336,5.026885838994531,TypeA
5.208382807947553,2.9582651315757094,4.752822617479403,4.318015752002202,3.9983799901050845,4.718899707114045,6.797686526849523,5.64084286126701,4.428821010217203,5.572582781356159,TypeA
6.399355436586002,5.924633682912769,5.059630369920174,4.353063222294426,5.69822331361359,5.39348538542175,5.895193220027732,5.635171801681969,6.049552715319335,4.464764788439432,TypeA
6.317394065634326,5.1975996046924,7.0752608726252655,4.310812181910432,6.73596380316525,5.197910783462648,4.348581996385551,4.5161141659456785,4.67965269180568,5.424165946401916,TypeA
5.5228354880355,4.426299996061421,4.975645407739017,7.142270358611864,6.727543170100711,5.4363236696740325,5.0380034781682,5.120031326718261,5.613517972730417,3.9772074348015947,TypeA
4.742623462576655,3.3314159261224106,5.399223122605279,5.647195939702741,4.516813537700626,6.573986763290033,3.774234336997659,3.53562511979018,5.224451818559972,6.047098302612154,TypeA
6.6839276914578685,4.54111573713106,6.078680833431296,4.961491530499293,4.82737270005918,5.883659937486672,5.65232287841342,3.4236078430157506,6.476540349725896,6.380091354147451,TypeA
4.374437298490471,5.395803533437409,5.494030186282739,5.260673765823907,4.44969484615458,4.328376632061948,4.974445929008555,6.172729019259364,5.543600154594432,4.629385667913894,TypeA
5.771698710648344,2.1514573793699245,6.1487657003721035,3.2602862212219,4.637559058596868,3.880330105373856,3.705318524279094,6.16082678737852,4.5322987986881085,5.346503881730715,TypeA
4.953079421120816,5.477040827223122,5.076821891060256,3.7170077758114304,5.99626681944714,4.506243416838688,3.443418101340249,4.571884839034087,6.50075979063431,5.850221742113493,TypeA
4.6513478655921405,4.650742295681571,4.678364948782617,7.076747983560841,5.381935452231553,5.43004164719107,6.030283454031842,5.238789159026513,4.740957854179297,4.803650150915022,TypeA
4.928398740585936,4.962777763490158,5.72762954363698,5.051945885807299,5.73264007721558,4.919283419891418,5.07863519031609,3.0017993154678924,5.916327674702481,5.346488475897993,TypeA
5.998010109859652,2.1037446218063107,7.088374704780728,4.860410371844826,6.108182816737516,3.960094072874469,5.61277390506257,3.9465844368263436,4.376231039304195,6.914031353866786,TypeA
4.809317599236653,5.217432873179723,5.8700677306887545,5.495681887972605,5.150418905143576,5.3649610024662255,7.403415585238275,4.9423812029664145,5.201099046714967,6.050654396007612,TypeA
6.105525932957984,6.187030305560381,5.638730222029185,3.8569950872695165,6.6334315323010955,3.853654606981312,5.3026354652390335,4.245724149980642,4.935861653407008,5.32876241030348,TypeA
5.3213572154502735,5.421920754235285,6.613711269058647,5.453534301513979,4.755843364709351,5.964087168288358,6.18947048892464,3.7723921848630075,5.597400069849858,5.701172742310899,TypeA
4.702436496640008,6.37570681331162,4.849944412967473,5.125576453471543,4.82692817571613,5.015579047581467,3.9037249131047984,3.5599491174057056,6.594505063224972,4.153038651681673,TypeA
4.008607650543693,2.846609886396285,4.361038252310498,3.6769102065925017,6.642015160136369,6.009817089342635,4.311849654822276,7.252435805344309,5.981765486991594,4.675168616491377,TypeA
2.500594285126427,7.290942572590742,3.610427533236404,3.354601253043108,6.0225704320096405,7.439752406339273,6.384272818510518,5.56390912005236,5.594754341665286,5.853415558780307,TypeA
5.758928589786765,5.281191423969376,5.104201103951876,4.937406872100477,4.246035411133324,4.719324923133226,3.3070431858046145,4.90166037320525,4.011408892849083,3.896410682784229,TypeA
5.179894151153478,6.392002286344599,5.918316606002313,3.4294993963768228,4.010371863429662,5.940771187988216,4.017512606461691,4.775366850002976,5.550052099024552,4.031655545136365,TypeA
5.10537550614596,3.6659745050817953,4.398632356048786,5.3197819341425365,3.407006266468331,5.440474737960399,4.980362201073318,5.5524899544171475,5.223914134064661,6.364140429973844,TypeA
5.1252245026479075,4.570594458874747,5.122297503032284,5.543298029036388,5.048860070325705,5.040591691203883,4.298008312193245,4.337099082449052,3.5973947282003067,6.749576743186939,TypeA
3.7561367646087147,4.307094802204093,4.281592734430802,5.8949243769444415,4.705050321707972,6.247742072673734,4.326509375756132,5.278994162223802,4.164652946740243,7.145149127773388,TypeA
3.812401580970487,5.309820710227028,5.633776880932098,5.4137990974514985,4.814712341122291,4.870179300266574,5.04381147197911,4.852997998371511,5.96387911679491,7.210523001591351,TypeA
4.442508214992166,3.630197020420922,4.911717951648745,7.579709337654318,4.196325432030269,6.6391168054440675,6.677700814076441,4.4464117582920055,5.5689830791852755,6.628396623128538,TypeA
4.620872259012513,4.796419639897638,4.418319086051357,3.985243269307133,4.350722454933993,3.7760597332377435,5.034083468259226,4.230026768941358,5.233785911790748,3.444104353796373,TypeA
5.330880232214457,5.833528961608924,3.0062643574285444,5.374056569847572,6.227668992473292,3.7903589813087946,6.672572386837704,5.419019009366045,4.294988144241591,4.944230922342294,TypeA
5.558326912521722,5.076005391412411,5.538755992446369,4.079326406920634,5.169360824036078,3.58628550309502,4.888773938651299,4.09609235853521,4.264470057410233,6.236093175210438,TypeA
6.091310120594269,5.609138120907177,3.907687235327421,4.683591550305198,6.213097699979183,5.141716913639905,7.319329539981695,5.3933178393943715,5.192049116490032,4.690883535797498,TypeA
5.133540904782282,4.8475301636194565,5.708108676688591,5.956702316794584,4.21401053949205,3.668767046442222,3.1637946268967037,5.507991326912544,3.8966333938261264,2.847109407047517,TypeA
5.388578604530964,7.492999517432791,4.993929088460106,5.838490774451642,5.081829358547565,4.901110346808857,5.9190764829877685,4.709725455811348,5.267392314071903,5.321697806196013,TypeA
4.331909546356951,5.992042349536523,4.825040243304591,4.244254840507155,5.536509843570403,4.101532018208963,5.028181157369128,4.990881003355796,6.085895565831578,5.474698232879953,TypeA
4.974973041254856,5.817766299200287,6.390207549017314,5.557810306351862,5.01035261984338,3.6881637676498404,3.9348863369246274,4.694775295645332,4.390487797840716,4.813028697014554,TypeA
5.0566499248971075,5.529692754356731,4.9295012219409085,5.486501643826202,5.06447441481012,3.0245334336461287,4.060664606181246,4.855912444278385,3.7903052571588924,5.599928729996204,TypeA
6.530750832343697,6.218761851697317,4.786557129069792,6.490726136849952,5.148667457202111,4.662914028881961,4.38659733645906,4.697530313511872,4.611823181458771,5.170416222375488,TypeA
5.160573981049865,5.003046020153414,5.43693816974635,6.190646274786341,5.949554135441324,3.5151020315500965,2.446078865098045,5.934319911239274,3.6331213015845787,4.775234598107317,TypeA
3.8298869739406403,3.1980195624199803,5.541462728204788,5.7591551603026465,4.423489599273281,2.40895770785509,4.453755551747517,5.3918040054025465,3.5210884312258712,5.183359919779155,TypeA
4.984690150827005,5.579291499601088,5.119580368414153,4.026931059118445,6.196571501664492,4.84147042697303,4.972695460490068,4.066732040926804,4.55671774880849,4.115197285973099,TypeA
4.827053940076577,6.7117084801423434,3.6280988570686437,3.386438602123259,6.471170327493608,4.7906763228481335,4.330927261340084,6.039904687396076,4.394384460263136,6.826009713546936,TypeA
5.677925871339269,4.5120885918542974,7.1573082132655035,4.3942850769966615,5.742095372009307,5.299292580406492,6.301741289398798,6.561511196726853,5.0320041490657665,4.246582129653817,TypeA
5.459972142939116,4.322284630247894,7.013387247526623,5.1365353310827375,4.634678448687891,5.184680305864909,3.6528737104703035,4.028385961489349,6.200413907944426,4.343105721028604,TypeA
3.95308901731806,5.536652752527286,6.1857041546629965,5.718953310665067,5.9960476858058165,4.2432049114305395,3.5781893332581562,6.501333651955487,4.677320161157864,4.749166983544953,TypeA
6.328194141849058,5.55623000940066,5.455887772081607,7.165002344901084,4.356481769619857,5.927840128081237,5.057013124897084,5.268592278863257,6.528468426412532,5.507835756289624,TypeA
5.538296079049633,6.072507337309802,4.635047270457115,4.160790332660993,3.955190805978966,3.0336434106239984,7.056207129940322,3.896791634278317,4.778746376414228,4.723186700111079,TypeA
5.307406697809101,5.815737212539297,5.860473488359745,4.416922561431061,4.832878286213589,5.2825799504883,4.751308873816453,6.607345576019993,5.490974951638251,5.734877786049817,TypeA
5.662881268667412,6.173473857485325,5.181021558703707,3.7031680520441537,5.399687951752641,4.348643106208171,4.471383318250243,5.586364018755093,6.238283071433636,5.021271576736062,TypeA
5.308833012598964,6.702214944635238,5.240753179488569,7.601683114180394,5.565509645631544,3.239237240844182,5.753341621104532,5.381158384882777,6.289752754082746,5.6731813512699585,TypeA
4.861544016016226,3.775701763710634,4.7909767427139744,4.1494795457907,4.419476550195277,5.58857840442061,6.669904504351406,5.394671529822981,3.8041169379648156,5.44460266822014,TypeA
6.196631486645651,4.390217095680618,4.865982833327083,5.014688194729197,4.21510168691776,5.648280433843859,4.8790518513922185,5.419532443907028,4.1125078221979,4.56254169967659,TypeA
5.722381357827771,4.627166847908233,6.726963851233405,4.600363814385398,5.224684725751886,5.93259083187309,3.5816342670669683,3.239191188019224,3.474343685429905,6.262584103427182,TypeA
4.448141854107553,7.558199285668252,4.4357524013426115,5.184551303197037,6.542109952567875,7.006092888159123,7.061503576636397,6.208366230593143,6.024062525811463,5.592526949201183,TypeA
5.778361076166638,4.448814283671466,4.1818011165776925,4.996625542589048,4.829815377475072,4.546771950672725,5.696387447456715,5.955305208570511,5.088406886291847,6.477530081055262,TypeA
3.858310885866495,4.8063405407202815,4.283177679397195,3.13346338292694,4.917319314157301,4.878252491616716,6.5134497432421306,5.630811684554778,3.975813175670795,6.854092566334188,TypeA
6.221033695525353,5.582097703468616,4.773515901150168,4.04056076327652,4.627793223928947,6.088748619704186,6.884586305934609,6.543243528272189,4.511150578213726,3.880382566710989,TypeA
5.1408862469112035,3.231560634437148,5.323167714184781,4.852397413701332,4.533963498131758,3.4052969327332043,5.513600106569717,4.467299160338088,3.8300831642897117,2.1277377867183507,TypeA
4.972485094949364,6.772251596669744,6.66125921454787,4.542903743413728,4.39778793963822,5.468774256075024,4.001614560811708,5.301791899819466,5.76608027838469,6.226933223884307,TypeA
4.899845923520047,4.796326249823034,4.122017413243439,4.17311964596014,4.773521108098473,5.367365506816178,5.913584626233249,4.196821049319655,6.4926885689595215,4.728876398957431,TypeA
4.978632705651564,4.252788320852177,2.5757597397270584,5.884045396361049,5.736843897092434,4.718672442881787,5.066990717224872,5.5159392177041,3.4374541431134573,4.470947322653705,TypeA
5.794264679621827,3.7457105768307506,5.293557932166629,3.643418195376595,5.466429982433526,4.964358517702516,3.3848681840944908,6.164739354457171,4.265408423201951,4.189747562985619,TypeA
5.2005691972309425,6.148637349428715,3.984178181021603,5.061679849847971,5.428816500330573,5.693105607263144,5.176441555277226,4.632972160916678,4.17240977935128,5.0861438830463745,TypeA
3.927860988014393,2.0786495165053926,5.4365598041576675,5.903934841086195,2.6370675644581616,3.9902692952900622,5.619154261005198,7.057495469711698,5.020793707675408,4.271997058770865,TypeA
4.81710355889516,6.374876419148185,4.354035820875465,4.200807993349747,4.517256477817968,4.046671391741287,5.122670315994796,6.62467845846956,5.323079273116029,4.7476464978737125,TypeA
4.708188731084456,3.436809191303343,5.883109777147159,4.922162802987198,4.819520086409375,8.19310756784486,5.298752908365686,4.248208949904816,4.573642403794457,6.148445709196755,TypeA
5.113270410537765,3.561722021682633,5.919228934575203,4.331855914461006,6.873297776217545,6.0800480657146485,4.552678104341249,6.281016361735113,5.067855510527403,5.8527736751222195,TypeA
5.484732817294475,4.153643345009127,4.356450167682538,6.029960817581161,4.665224667893459,4.596351536758004,4.044877420650647,5.423599065593461,7.062524919243145,3.932467085745727,TypeA
5.024219456672758,6.412220555415429,4.9203586087542845,5.452371796249734,3.9376064718531203,5.428307097207648,4.812855734995451,5.985729995679863,6.187386051564751,7.589563642018614,TypeA
5.579633173213575,5.325796316582166,5.194384301577336,4.6468337071893115,5.338483843461691,4.704598589860971,5.168460976269614,6.31759753560796,3.9934574347203586,6.139878561129045,TypeA
6.3171150673398655,4.881931473008922,2.8781451009914054,4.392178012905568,6.296994546561109,4.977131937701118,4.0006977677050894,4.4952250787717825,5.840620026504553,5.546733568201379,TypeA
4.761067900830306,4.6331755881853125,4.608241850956178,4.077589815501497,6.615375689469442,4.6776795307886605,6.217158520825496,6.521316051922451,5.9983108981479605,4.5683796872819515,TypeA
5.40373009033661,4.975804393609084,4.096298139269872,5.324359281721603,3.8209602088401975,6.1876793884615635,4.535382702701607,5.201159655872839,5.283287871546142,4.741095026295922,TypeA
5.586693801475275,4.525096343377475,5.871297297457244,3.6540203197532515,5.126379579546412,6.938928999058285,3.9996686753944255,4.322255029475149,5.513907849658915,5.179581781939598,TypeA
5.350630099273559,5.489187130147664,5.63472146856177,6.109699841956223,5.409818656928513,4.7587423453814575,5.672573701202731,6.899881934895216,4.867366253617426,4.025470695329359,TypeA
6.107080669286972,4.879618836046402,2.827330453985964,5.847421677150422,4.464671814046078,4.909466717695839,5.3319803305690145,5.190499679779067,5.70945181713904,4.564513629430157,TypeA
5.513105798176083,4.740453322416083,5.738810480887503,5.615367484013054,4.064561297955405,6.085982116175032,4.464036554885952,5.808057798281145,5.367287313401341,6.838183676795122,TypeA
4.776534017628148,4.650683203881803,4.980580394112267,4.696820217165724,5.79994190194205,3.3836893915634123,3.9463175808536457,3.932197078420807,5.9503075919735755,6.710613372581925,TypeA
4.8955507814625285,4.83117827680999,5.070052163113181,6.161878302608191,4.072646865809426,5.2383689827347855,5.975197629782429,5.5010941699398455,5.189581616598743,6.001046092567141,TypeA
2.296767707000763,5.677875319530908,4.345924316872576,3.169367103143543,5.511202599524981,6.373658545162957,4.862551485372308,5.9528745472029385,6.612278257988645,6.314914453584048,TypeA
6.639964529371393,5.7421274910718925,5.075433638901592,3.3980341881028315,4.753937511870052,4.156753404683808,7.170942717497814,4.824114187567663,5.123204806784486,5.551485376040468,TypeA
5.043602446372454,6.695051040430753,4.377350638265548,5.194607455237243,4.257529414301952,3.6799774887792944,4.388230909094714,4.962963202951588,4.57069777548274,4.307579020126144,TypeA
3.593682536328166,4.9168944273713056,3.4952796259689975,5.760055963689602,5.082439752934503,3.5424485005350697,4.6907909229501366,4.247843594409417,5.31917451041918,6.340450446023144,TypeA
3.1248275303542554,5.115026079147417,4.83986720443336,5.671340076450465,5.213196628237689,4.248030668261181,4.680946064333382,4.203974143196511,6.076007138598598,5.021311648671942,TypeA
6.901190685753008,4.9393391861853795,4.291593233089538,3.486285607387173,3.1968603237440547,3.4158640569945105,5.267126651011483,5.508725023229934,3.418809297967867,5.895038314076116,TypeA
4.516938948316561,5.146793011985549,6.612220628255424,5.896839315865532,4.731469352094168,4.1088077745847125,2.848184598670695,4.28084668075758,4.788869761172306,4.012820472848816,TypeA
4.8687430329076955,5.076851882958768,4.775144018191922,4.349997419176541,5.168654671966728,5.441940649569409,3.909600922557154,6.41093237974627,4.901411867715738,5.018849622944848,TypeA
5.708214423256557,5.233216131263502,5.953136633913245,5.287124165201824,4.387562625359562,5.361503525206102,3.856273792679338,5.108559705776523,4.966770009355539,4.79188314272746,TypeA
4.871462488561069,3.1181509545023607,4.4512750922590385,5.092844901141115,5.1598563919974,3.9723248590740416,6.2657078408647005,4.1338251517855,5.969457200526737,5.427194361871685,TypeA
4.353772690156197,6.775310892609512,3.8063631682435197,5.919154173610002,6.000582318042978,4.329379790923355,6.392465300064329,4.749953485401047,5.288693629279857,5.260321838771221,TypeA
4.865691258529452,5.8108082731597825,5.793488720552213,3.2514680267618195,6.304340242878153,3.3375080119643257,6.032546204341657,6.126705136827583,3.9090335697848015,4.589185712045415,TypeA
3.8942953315140643,4.785078969711265,4.691965715814259,5.7796605322693395,6.310308746119608,6.395683810789956,4.437831973421698,4.790778126255472,3.31656180777905,4.194129933503811,TypeA
5.9648516330974575,6.615582823548232,3.765651128120078,4.407535740847106,4.973594243041073,5.280161158819607,4.190396480078354,5.424061044464089,4.526160652929084,4.985547729121721,TypeA
5.546284248003699,5.006422269810938,4.5636141094734315,4.890390196074169,4.911637040794664,4.629988970117872,4.741203937332898,6.598647170504717,5.560919447941239,4.704519681970839,TypeA
5.696954404510736,4.66618051024399,6.173124637586641,5.369642192198094,4.892697855995771,5.447716925810278,3.4291238479315007,3.8732325310901947,3.8060749936009444,5.142943094763707,TypeA
6.732514999485092,7.231300146192632,5.638051101440757,5.500844474944457,3.1989422658472613,4.457326200265978,4.212216248091761,4.379152401748884,4.83185618141521,4.527909422302873,TypeA
3.020700189624212,5.7479102561175335,3.9272569742601933,5.239246864111149,7.0740826697499735,4.080615408413577,2.4697124772536703,4.713995778119889,6.100959634998571,6.958347454220593,TypeA
3.7704504055475834,5.496699223236522,4.5346895432199466,4.894051645695864,7.644343347017035,3.497029671604847,5.253739661494573,5.467693171765434,6.085786324939347,5.097983153470896,TypeA
5.308050539504102,4.608351432578209,5.269126941245108,4.656807724502589,5.6215718898560505,4.630389663956366,5.377100393902187,4.970737186315022,6.126050250772169,4.948606276411514,TypeA
3.2269675317931186,6.261921500713992,4.094267699137381,4.34623366135118,4.404338705956508,6.374438093170817,2.8643257860213045,8.137748533659995,6.056056809066051,5.223238914129159,TypeA
4.945105999383713,5.285554074857657,5.521122428379338,5.645215585950057,5.555604466003448,5.089580681255248,4.802661579692674,4.848726716346488,4.805091719647319,6.133770096867065,TypeA
5.593556722280862,2.0596113653357198,5.655900776529761,5.194736194718775,4.981291243554103,4.611481546911114,6.124112719986013,5.947526462122858,4.227122332176391,5.407052287124535,TypeA
4.028343265458714,3.6203818352110693,4.3732827754100345,5.862393472382759,5.953125045376087,5.513085420097293,5.725095786847997,5.5161782871149585,4.3585184047770476,5.431922544673941,TypeA
5.800409525227682,5.754291329813574,6.1889133714746425,5.708303847201064,5.351448207541583,6.070150238316428,4.97347874075094,4.118125348772282,4.836933036056236,4.255097355193551,TypeA
4.324821725025618,4.8554813292844825,4.207580079000039,4.69203847036096,3.106385333046214,5.213293707372938,5.001205475362224,4.182911368931809,5.659245668432405,5.937570137626558,TypeA
3.392440135631026,4.237275221433785,4.230857650212702,4.0600968988911355,5.829474841931749,4.8061738612271965,4.735485158689389,2.9961376355932465,5.635418030209227,3.7607416051465274,TypeA
5.059932630266328,5.277376937958191,6.360658595838651,3.691179600880888,1.9804878441791747,5.183849544753695,6.800511181510854,6.238946352939437,5.209659415274626,4.508363814367953,TypeA
5.80712259663731,4.026453800295531,5.476357769356219,5.505470159166627,6.06020990749888,7.759660038911077,5.392415967178767,4.491036374292501,4.974425687808005,3.2309240951108817,TypeA
4.305286868910942,4.590717561886896,4.475911602065407,5.152354872033722,4.177580067617799,6.121030667324471,5.000207064918197,4.990699678861386,4.672105283487082,5.155190683858979,TypeA
5.825098264667635,4.1328697842891,4.341883510924744,4.696273971223335,3.654129076526785,4.180742140278502,4.523779126455341,5.874389180712727,5.262561329001925,5.193589911367544,TypeA
5.850897962167972,4.862628211600604,5.39046484992889,4.896778247067504,5.265362349399629,4.417241342388418,2.561182841723571,4.865720837813696,6.4227481360999406,5.926215402241592,TypeA
5.965397484591171,6.236130721806218,5.0886575909614375,5.197315707405596,4.38234810456565,4.683927143972951,5.615771149771142,6.203884437168816,4.860553724319001,4.549810735148588,TypeA
5.000527958856598,5.601206748929115,3.556145183866458,2.703819046862762,4.449463150508416,3.779287574085841,4.491859802352689,4.852219681182529,4.546751590976987,6.452467534470745,TypeA
5.32674476460232,5.300474359610829,5.622207144043402,3.861166882219231,6.039111787420269,4.92423571346454,5.670480617241212,3.9281427669598443,3.446241233983936,5.817889658025028,TypeA
5.376409526097516,4.09794844564249,4.130336918725305,6.12543478441477,3.810588107132672,6.642672953255963,4.099379265352131,5.638391925608383,4.671381524251015,5.603187431082343,TypeA
4.455885997885807,4.837207093927706,5.040919175395721,3.9978125442185273,5.740824345420126,4.486786433528414,4.771400084659981,4.005650625391488,2.4376663412046895,4.808972237399831,TypeA
7.412615421612916,5.7846042878980235,4.980739620265606,4.737109170791732,5.022465892812046,5.54711911517521,3.819187184691155,6.114321694668872,5.715381315441244,5.718185725707935,TypeA
5.438475738809728,5.01961665769399,5.67286123596682,5.591814133741378,4.645959289058976,4.426398227103099,5.101856295261987,6.549020151495188,3.7608929243460993,3.53247473424756,TypeA
5.164760841236517,5.050887701856018,5.173341664370408,5.243953197908501,4.776797745365195,6.489863438602082,3.3990960215234844,4.171502975219754,4.896745239850953,3.3568111888458327,TypeA
4.824145595567929,6.661470165728018,5.020886488295962,5.230700905718684,3.73983523482742,4.383638591960523,4.624803619676063,4.682284903243766,6.2816437950037685,5.557691060725125,TypeA
3.888542043062968,5.246504778432005,5.4982217484967855,6.140149038521266,6.580540686568374,3.9849058081721314,4.1891424887896616,3.7424221410853837,4.765980140893019,5.466358374446335,TypeA
5.987334516589102,4.9240489763574775,4.680152476745156,5.15175799224874,4.164857098369977,7.089538721694773,3.3923389728819413,5.184740578895725,7.02360621922964,5.006799844559998,TypeA
4.809960964998505,4.642554577189573,4.819608318237592,6.37284847467653,2.788138088670493,6.5334337012963255,3.576042847549855,4.7333476707655855,4.570755579701338,5.58855326977072,TypeA
3.4018756481162526,5.462172666081943,7.024309623286852,3.6368259954071895,5.189706167610396,4.3380178222033905,5.425887206193035,5.0191477774157525,4.35851309095569,5.487872284871074,TypeA
6.804348109786743,4.809096208272702,5.719757942148182,3.7067270421288363,4.043563623181991,5.472406277880378,6.484116028535965,5.35561334878566,4.6869419694768455,4.999291405423354,TypeA
3.7495922660302825,5.604515326355367,5.88233306232341,4.54790966716692,4.529957852240498,5.265878229652048,4.563280263959404,4.933867385374177,7.099721789166516,4.752974299254003,TypeA
4.641659847978778,4.352458194364841,5.744191971499937,4.818775826781897,4.350626961678574,6.321304032273012,6.419603004513637,4.399576434261295,3.1334600486393835,6.007513689836922,TypeA
4.315370174239996,5.790625599162769,3.0298961822881645,5.892597338299309,3.7888280707192186,5.730764119066524,5.0142730678364344,4.046060580603355,4.59296368707322,5.686318456956701,TypeA
5.105894453115234,5.584412980472484,6.976440584515485,3.4357583882889484,6.617212574968624,5.104355937523213,4.101215951676872,3.66968637426101,4.810879609222966,5.92165011192446,TypeA
4.872450879622466,6.511154930247347,3.548824309948441,4.987911052153946,3.7476065555868807,5.363631882624968,5.8868873900973,4.579238206318947,2.3957861433728658,5.198948146796495,TypeA
5.43673855173351,5.404294754961698,6.235782191822154,3.928946320350951,5.68021610545045,6.192507512477975,3.221412415993483,5.319651825918977,4.495820168992329,4.918477326898354,TypeA
5.347676483538336,4.512771435886448,4.324291920838388,5.034152417488024,3.912754061137197,3.9141748711148145,5.679373282956504,3.851205964841344,5.666312500909212,5.4625912928539515,TypeA
3.2741932712094033,4.322435347664345,6.1941094030473725,4.018834468860319,4.535595737690612,5.462060893251897,5.7833905092825955,4.748461113955504,4.402489805308359,6.422369861698508,TypeA
6.738899663797579,5.978858050781795,5.085318142565024,4.191734278359074,4.169555593443435,5.522514105265757,5.418398220888684,6.40159859294643,5.650450092536139,3.4969196982401822,TypeA
6.051947617722918,4.001939372685587,4.616028728047649,5.250200206251694,6.995667489783965,8.109918556005361,5.606723059136183,4.8168033812796125,5.53450564848055,5.887655425873836,TypeA
4.679332374442808,6.795211355912322,5.230070759191402,5.4977430890913945,5.665924252054461,5.4215866106144555,5.838940500469612,4.3827468134530765,4.44169824605397,3.899845767028305,TypeA
5.439501230620227,5.778936503512114,5.457772866151886,6.674492433347537,4.9944039811709535,5.6687416555925125,3.9082991238606857,4.612900297525599,5.695537757565777,5.849102110743144,TypeA
4.706033052335818,4.928400748141933,3.4821262533191906,4.642970799193391,5.890383163519786,5.575205016106566,5.50066572138121,5.04977368718096,5.007063158628177,4.339678860526553,TypeA
5.698828420202535,5.42097294438939,5.492018847992799,4.47396515733242,2.8466570801287556,6.097152711753695,4.521162543991596,4.13722423595688,5.693478911913994,4.6079873600808705,TypeA
6.059936384046622,5.617005949576697,5.683569323200477,3.6340442887994655,6.211943985386401,5.261250531233856,4.630722860753797,5.143388467342251,3.22376476710168,5.408652811480671,TypeA
3.970628491817928,3.6473297141564656,3.477640813782109,6.112688374989926,4.3707366063072115,6.5337277099165,4.464198536947702,3.2926420424070533,3.883475560051341,6.235811620006938,TypeA
4.844101822063332,4.451712703509399,5.160018225852788,5.501782736167545,6.117398815902461,6.448499229892926,4.640231354210914,3.6739523139179617,4.586534838876724,5.260280506582886,TypeA
4.036241073789389,4.042849085104957,5.343787881549885,4.951347648429548,5.032796995411586,4.241504665299931,4.769599285794233,4.075766855731696,5.8901984111247865,6.035249334723753,TypeA
3.153812137761906,4.07048913980759,3.503470744909921,4.3499760655931015,4.916562030209639,3.55035478030147,4.078140186874687,3.9960426279185013,5.2072673293989435,5.0693443370362505,TypeA
4.278262446662747,5.176820872139398,4.4533199154127345,4.728344889673947,6.673452090298537,6.3404610517903475,3.7004187630724026,5.829732417879175,5.811396554491592,3.8517367112473817,TypeA
5.818777643754861,6.537931918412553,3.877455193755586,4.0824971789857365,6.017661466843503,5.271495310825648,5.551476275239523,5.340589216400497,5.390695920928144,3.673527871688917,TypeA
6.047317706621448,6.169589992427774,4.770609255931972,4.956523050186138,3.468892497444278,5.514254756017835,5.572057441714144,4.937808983000689,6.1243533598705024,4.665922769020059,TypeA
5.5646059258936,3.980335661307884,4.976447849125762,4.825645742097164,5.225307922040941,4.630473071166642,4.868527404328332,5.826047171441506,4.563235762761782,3.3934228992613207,TypeA
6.749583904205421,6.381454078690487,3.7077373048943816,5.689707805245194,4.497025229448657,5.263487215331059,5.294224129013494,4.765592199683678,4.2162343344136035,4.309458947683741,TypeA
4.083808084518758,4.168177791769555,4.932821709950645,4.284240010889248,5.68205206571262,6.487246155335927,4.419946758629957,5.239404500535377,5.499685110302934,5.472002270919274,TypeA
5.075955267916087,5.742682418359722,5.482248952680657,3.762337577672702,5.869156064389273,5.887290837266742,4.236713895821419,5.037937835447602,5.683328992811069,4.790686180420638,TypeA
6.072978047766012,7.363872494619361,4.214013967365018,3.618955396846225,5.303818595604875,5.721562505126143,4.769133626155231,6.453260663321034,3.661394200276751,5.692918623031611,TypeA
4.394139179241106,6.7193779062072965,6.992515353168118,4.2333434122166524,4.4504428640914195,5.859587886979802,4.612869350210485,4.954588782067762,5.02538842054241,3.080326843802344,TypeA
4.986162253905762,4.310272225935826,4.506877177600228,6.443632003468814,3.7434931057207437,5.813205186747977,4.721037069668191,4.720239831504165,5.790371896051711,5.34005129456889,TypeA
8.57061299721953,8.968184660532861,7.668691616816678,7.38776326549225,6.914849473442202,7.174589470021045,10.949094425308726,9.244679580736786,6.648925633791979,6.67754204325643,TypeB
8.481866061718492,8.547264797377967,8.548883835317364,7.745044206446302,7.8745457399970995,8.327879524159357,8.08589300629333,5.780699627252465,7.770200369424806,7.148593565739686,TypeB
8.175211418908512,10.98525900260341,8.367481665474305,7.686470313827602,8.921801501977253,8.482687887209213,8.420094490451842,8.606850593215672,10.056543564829541,6.869111564674085,TypeB
8.473632076811455,7.0736188700184615,8.555512646342248,7.0813134885139055,7.582633186394916,7.704910085762093,8.975816719344708,8.918454443942414,6.754282623553616,8.054934110999849,TypeB
7.2904201452508275,6.7414950893246655,7.782982949575629,7.6915172115441806,10.426716486345523,8.432959825360696,6.622382499245763,7.435225995829057,9.021383295429398,10.088442772869925,TypeB
6.414016687762041,6.120075614860955,9.870965175371783,8.389614177370904,7.131707268123634,8.534629086122436,5.364252260983122,8.00337550659716,8.327821172843086,8.92427013953783,TypeB
6.986104047707462,8.085687161403358,7.074575373940412,8.255383755674318,7.104653677636976,7.5918991608397794,7.004184605209771,8.651136241823657,8.858451116656665,7.765379430042586,TypeB
8.038237994960028,6.551408585366456,7.700323351993213,7.949795382958255,10.620793091029975,6.888032974225837,9.464177238752438,8.996858773465808,8.280636404490137,9.758620484195134,TypeB
8.372105472606863,8.38915919566793,7.946879346982454,9.223568882418627,9.096469233810884,7.374322712503788,6.680752805401233,7.797019362604343,7.199961435602353,7.936475425384645,TypeB
9.237438134684139,7.54269834491321,7.957176618688425,8.058022734808395,8.848430882205285,5.753110666015395,7.393299705234703,8.211283692279473,9.20007895642686,7.508097552493795,TypeB
6.123447293958126,8.619711445966136,7.364637611174371,6.810333340909638,7.375654610286776,7.81547464234415,7.395255335461787,5.79443394290093,8.897066196887133,9.274875041278722,TypeB
8.651521991339505,6.862314329575184,7.798508466052482,7.993478684770542,8.59879438956191,8.66834048871808,7.265826201221504,8.08199555641356,8.457280404615242,9.455822322146766,TypeB
8.704506539824724,8.789056687375519,8.08382662792936,9.410459145203504,8.409762795959498,7.138912089826429,9.40336997012519,8.697903272539028,7.5569559788715175,7.520507032600757,TypeB
8.296575545140762,8.463184795267585,8.197292265631207,8.311308673442884,9.69995737457638,9.071543152234886,8.190635591265025,8.941310580767484,6.967476096472461,8.397927049946809,TypeB
9.80930634973311,7.781954104607626,7.152366071380915,7.3479111114069395,6.910366962657612,7.215238091872297,7.629491901409971,6.594432980821358,8.015618333949604,8.902277173786647,TypeB
7.0922438198530795,9.519283923641769,8.510792088527595,9.030580585624058,7.342165446147863,8.854525227066615,6.908066099604687,8.890247500836509,8.17183933979353,8.553251219984784,TypeB
6.824405394375148,7.104930157723396,8.597228218253385,7.051651995775799,8.463206292099123,6.632862193539754,8.848174212666668,6.767476685231491,8.552299937679523,8.625630933646,TypeB
7.303228181570425,8.582026567084727,8.260442263333555,7.461158143807261,6.991445315923792,6.037374308327421,8.349650047299694,6.435197228637945,8.095344199441309,7.736551783917751,TypeB
8.679142775438196,7.697954500510136,7.6705522136529085,8.731870704288296,8.335058029084118,8.316155957182778,8.469267589808526,6.464427876792894,8.756788679986983,8.612468794013603,TypeB
6.9833168714235025,7.7559195263257985,7.960692712372369,7.865503215598268,8.333859966568534,9.431366781831183,9.081766727672829,6.687780806568593,8.622069990306048,9.328933319535409,TypeB
8.386808520689202,9.090980425185966,10.012270445700764,9.023709546106982,8.249308595641729,9.045088474084753,8.144887833096892,8.023903043284955,7.648585764286268,9.563413358832108,TypeB
7.181571334057999,9.532367724678116,8.499864123740371,6.600693825198059,8.367649292991421,5.899973492348376,8.625508016831036,8.88523148298899,7.407644044347946,8.123547695955581,TypeB
9.954157433750286,7.494253295738063,6.9410924129434,9.4816634024626,9.962587190530794,8.003695671847847,9.011463035408356,9.34147591553088,7.257515767461616,7.5146941646321315,TypeB
9.230874513154735,9.68501427870851,8.562880860174355,7.120185646497946,9.987061111699441,7.469029102188036,7.6648622188285485,8.342337834489621,9.554160420714775,8.853975976552224,TypeB
8.41486550036191,8.463288530118106,8.043514668643466,8.558139514518507,5.470439922305697,7.703392540930202,8.241321934916781,6.848985916380493,8.38632331781156,7.795528779013878,TypeB
9.75547569831549,9.573019725214856,7.534194430881837,7.8491622884333045,7.9260524343916074,7.548340523840377,8.195024984028127,7.24171793111241,6.869384665062474,8.622711223900268,TypeB
8.62952958422181,7.195684240340007,8.8953554307626,7.368422270834668,8.253165238037981,8.820344012612455,7.966387435296287,8.454740912141135,7.483570356112429,7.803533416571903,TypeB
7.7941405691196595,7.253421653459761,7.823225836884218,6.4513817011362535,7.508846252857896,7.715124506630329,7.74382024750462,7.758502554129221,7.938235800139871,8.479441518086064,TypeB
8.874517074132523,7.350234773151733,6.796799144610856,6.9579555877568975,7.512797078805073,7.648078682183491,7.230003933802543,6.703883335750105,7.543879172525812,8.181426620113971,TypeB
8.595029465835564,7.442576946891679,7.587002177856566,7.07330169115269,7.968560829625224,7.151571365809185,8.5731278132412,6.214133508065888,7.640370327547537,8.301107339191741,TypeB
8.183834516322504,10.693033663980497,8.349800024567907,6.9959454031579895,7.904535752910927,6.223753666533549,7.919400250703239,7.166943942999241,8.915390275560162,7.450459725404465,TypeB
7.883234084204753,7.364442158595597,9.73885135185333,7.678757233882088,9.832557043479202,8.814151762118266,8.482066727335386,8.36873314731752,8.393797298216251,6.07232742065439,TypeB
7.721116605849243,8.845157971184321,7.951102816525895,6.594810153196425,7.94759554942253,9.704105516255492,9.24689171553472,7.9379959906339685,8.951449277058087,7.633492979631948,TypeB
6.296128413173281,7.075534011870445,9.562888768508198,7.726006918170696,7.756616020624982,7.70016180372512,9.904136589573007,9.625958915362062,10.218780233448134,7.840954789599949,TypeB
8.295624488747094,6.483357450579209,9.476934426118275,6.832220448732065,8.21677556376263,6.902697472367156,7.4111331732613035,7.1627375689503,7.392124739324182,7.460877296851021,TypeB
7.451731205074923,8.833333911780308,6.89513720693748,8.220541427013867,9.217959152305559,7.486803635486604,7.282081109252398,7.769475374819749,9.17972520836071,8.194107630953358,TypeB
7.468785705392402,8.483876651188039,6.8977078501635765,8.681359510442949,8.408607307701768,7.692191528861116,7.161414201552769,7.113319077716543,8.53481733634591,9.228980502489062,TypeB
7.362692252971205,8.458386703551485,5.912972981397932,7.415382269342801,7.968941067129098,7.090316583018167,7.063493625210404,7.332220443531114,8.292192728326373,7.812670981593626,TypeB
5.7617687666750275,5.879299847364933,7.393134822142825,8.457686586053551,5.252495157274765,7.500269823848369,7.473752143482579,9.388337778208449,7.614978188287136,8.382988984740928,TypeB
8.141257140087463,5.8694335201928,8.768207216631737,8.215396505456289,8.50826863967459,11.926237706436327,5.9158870605014116,9.724696649761109,7.712552480599644,8.28732890440301,TypeB
7.954487754698758,7.575763666601956,7.430167071761241,8.32950873557301,6.482826303328321,8.750579167521765,7.583805595114746,6.869930660959643,7.549987142004186,9.257149216862572,TypeB
7.4646649129837765,8.35845361820962,7.2690437242845265,8.757921849923619,8.685507738790204,9.848608833296412,7.824436054500785,8.668654804757907,8.098067539538945,9.295871781863013,TypeB
7.28116761239127,8.74500531287728,7.805302703883318,7.935811822891503,8.091752484448373,8.252240396426677,7.883770956878042,8.214713183170526,9.578118057562184,8.985449685615219,TypeB
8.869154592496896,7.544460473976129,7.110759171771676,8.955300558237752,8.876046792529793,9.472670675750981,7.396019374030771,7.770451344639653,6.360515837474566,7.6075288939391275,TypeB
8.996570510579447,7.533504620771802,8.640479795200823,7.809496894002189,8.32405702822156,6.852308610184332,8.0852094496339,5.008864029099277,7.813103841838015,6.36952675628486,TypeB
9.205994516546816,8.777407352764511,8.46667098196608,9.52100622715938,7.051083479175163,9.747363197915558,8.932191564260386,7.7634447127810535,9.135620147182944,6.893706487588366,TypeB
7.175485838472326,7.3914102767603,7.471022291935984,6.943442357239747,9.223083067095326,7.741145599630168,8.352504968356879,7.42964863358632,6.179396699451483,8.270057358391423,TypeB
6.087745024580223,7.931365953914532,6.631684961167189,9.987275999230809,8.911362722174722,8.10575379127148,9.26370667765467,7.153684022534264,8.543479378670092,8.199810433718714,TypeB
8.26402008133367,9.272353500106767,8.732492102779803,8.288723662825022,6.345112563771703,7.039953704720537,7.8772910664042755,8.093372374276651,6.869796275326076,10.411676675578422,TypeB
9.516394055253572,8.602118320392483,8.072036861283745,7.787791030098848,7.0480815399777645,8.077480518518863,8.25775254014275,6.758239424518376,8.334176417244898,7.844740951175251,TypeB
6.0921924421226095,7.139614989220498,7.586394466578356,9.88768765734019,8.556553124533758,6.664518430900109,8.486036289417637,6.452696011061635,9.082691053887073,7.528875348182122,TypeB
7.906363811260829,9.325796647542191,6.7128364314157505,6.6028818148870085,7.416400673653995,9.038378851019317,6.480653924523158,5.167844401889431,7.5488411415910015,8.55174079991092,TypeB
9.200261749738829,7.536838637914601,7.588573392883998,9.153900734255748,6.130258300304579,7.611479224816991,8.190423889925057,8.449218721285034,7.490193306809117,8.034441011705841,TypeB
5.5116726465870105,7.341751587666152,8.453508712554468,7.0177059657453205,8.058984221589597,8.446872500802698,7.657450799142235,8.170463770996571,7.037267434715388,7.793388720303954,TypeB
8.610216169589222,8.156972960968433,7.4134687304360645,8.224216404290793,8.714609790636619,5.950058721422522,9.159074064955897,7.663745261318928,8.42548993324023,9.197246923645228,TypeB
6.628326302769534,7.290558997572454,7.711451304124295,7.216246478875572,9.734936575836809,7.143227906173207,7.444453220513133,8.204389031602977,6.797850473923911,7.604319288243736,TypeB
8.317453261250176,7.667139595617488,7.906613141100052,7.470667887551629,6.485529690819233,8.321593211339238,9.754933071647242,8.018401630783439,8.22526411724755,8.69272275511686,TypeB
6.730669503453301,9.702514658129605,8.202328796422803,9.631856899089108,7.266967004476011,9.818061922557824,8.775155494034783,8.55304008585236,8.234024454353149,7.75147138192555,TypeB
9.200531658473873,8.140359869848046,6.0329302964128475,6.882813538292997,7.814154247807252,8.309998983165555,7.943411511100104,9.218970789793664,6.048898135961375,8.14358793650516,TypeB
6.1820207746128455,8.759712295484169,7.905541285557997,8.419609972024118,7.136117039410234,9.27946493165775,9.041724664058851,8.583544303011887,7.870482753136559,8.579857285295132,TypeB
7.293107432012651,8.855555659020713,9.64948089432392,9.070610559979187,7.27039753019259,8.361417317273103,6.706858456241353,8.572390311175676,8.450603412862538,6.130183660467836,TypeB
6.838216156087636,7.716861103256233,7.6991402528591735,6.790523064581195,8.388978729352184,8.251473608940511,7.805730868021481,7.244208499841637,9.048707126416563,9.655407113088295,TypeB
7.516438516153463,7.387833082845179,8.491207665411997,7.641970620253014,7.860602799336766,8.73965315172467,6.090643912492707,9.31830232485267,8.072680524329341,7.58850685543782,TypeB
7.910765845778551,7.962429355020519,6.268798696555074,9.494938227453236,8.041325632270619,8.443002130447375,8.951549770574044,6.9788375424397,8.473471899035228,7.732358909101206,TypeB
8.846770775216493,5.872772579648505,7.900905699758731,7.397179344216038,8.432262950634156,8.470044187368202,7.292374105177974,7.287826135823956,7.88933463144267,7.103357772684792,TypeB
8.841983695452127,7.6307927995525535,5.093011780678358,7.625177943378194,6.961456179156028,6.3687241845390545,6.762573361777427,8.10940847183297,9.328640828248231,8.31318447386498,TypeB
7.39349661178426,8.455904195170703,7.540909689781008,7.305399630836855,6.845637331767016,6.248171193248281,7.610076293440555,8.158053489920132,7.90337632998511,7.584033072052641,TypeB
7.054253939303219,8.608246191684968,6.6828680800534155,8.776027913843475,6.997782981073275,7.247564762646965,6.533214809384323,7.498597853114363,8.97531245847798,8.515628088443956,TypeB
8.978422112028035,8.522142545933935,6.89633017146963,7.669210775672442,7.219800870882537,9.33057490403904,6.803211353573689,8.89369768938911,8.89295387010877,9.829620201716088,TypeB
7.590313407370503,8.712322159580163,10.281651836538842,7.3823583230663035,6.4649597524676405,6.119989966092236,8.712712028861331,6.116849791941416,7.627680947062077,8.43731318703896,TypeB
8.185175536829915,8.425444864184172,8.222289855800854,9.278865813313393,7.047683619261203,7.3230048615414685,7.227340554729176,8.83019181186261,8.900398588395063,8.451225319318509,TypeB
9.183493666889929,6.821959132623619,9.667224111551137,9.523238621712258,8.735621997245747,9.78179890877106,6.343376792322227,7.475551863737348,7.264696539318048,8.721479323757343,TypeB
6.949859260397854,8.757495149337485,9.370536143996713,8.695202900083999,8.283751023661502,7.012126659099251,7.1531490338746355,9.249618905296666,8.779349003905333,7.960980480622456,TypeB
7.582090454234109,5.974192126888623,6.929147581315561,9.911419087139723,6.7195444289975335,8.18947982122108,9.007443973195198,6.745077331997708,8.184710474781083,8.937915537510655,TypeB
8.012499321907251,10.868403055666768,6.331400741121804,9.05872852988388,7.8271982626035355,8.771920154836675,8.441307151699245,7.266843802890003,8.22899639245934,6.142098548601712,TypeB
8.603247500571394,8.298158465990525,8.638660168643103,9.05811832508715,8.367619840209711,8.148089419798277,7.118931663338707,7.287779236350949,9.186734620177331,9.436335405705979,TypeB
7.761889563687946,8.046002747253274,7.095385625006234,9.172756845267445,8.665416823691778,9.941217436463749,7.121676922820261,7.621992100981783,8.231445922525573,8.64648953772577,TypeB
7.784332362452368,7.127038909546299,8.881407528923571,8.721135362545581,7.083725899436275,9.355442801105497,9.170198709196605,8.134296497247792,8.079597862376037,8.554057771115907,TypeB
7.138296929743742,8.030031479164082,5.84761645539082,8.876455645502936,6.438506777558141,9.503419828429,7.669879906033549,7.7883330180688235,7.372266093915495,7.711961126077924,TypeB
9.418531345148036,5.51219134346492,9.276965386088188,8.338023481101708,6.792978352142784,6.924687606950762,9.676393027208203,7.054493120057269,6.84664948940404,9.137314542364729,TypeB
8.338552876285915,7.062074423463601,8.216624975404619,6.9742473163597225,9.100821398422605,9.061370964873134,8.532006198821943,8.361661061247016,9.761188124867374,7.9996863273882255,TypeB
6.818125874579199,8.449473912832307,10.086047049537115,6.985240506814148,7.638537233306014,8.416446038101453,7.946095150994261,7.017696419622686,9.12185785623047,10.320040722017259,TypeB
8.196131459023908,7.095931710264,6.4510394749465245,8.25797598122118,9.103877343316258,8.475167746495382,7.997596159081146,7.410728348210694,6.90783636728191,8.834751326324882,TypeB
8.913771621385585,6.454270213309266,9.589838978180683,8.574071220894002,9.399594645145793,6.657872251514885,6.634175844584561,7.851030690232703,8.502784426895195,9.796360822926964,TypeB
8.706078913815132,7.757318723187967,6.973630792334108,9.23000057271915,7.035294574249285,9.628468554772322,7.715615350393491,9.59058207261785,8.678931290059278,7.863004510557542,TypeB
7.480603628173873,7.65909212265392,8.428316692375237,8.077156496217716,7.406188591931295,7.834368589682367,8.078577029719149,5.871265905585188,8.458168114788698,7.020278775283193,TypeB
6.846667596794255,6.31265565288929,6.2061075021321095,6.6445524968877105,7.29097904236951,9.953259137526569,7.474120324104796,8.177750106268032,8.400481386506328,8.13106518621585,TypeB
7.922556539274006,6.804706236400755,9.450927548279212,9.807196643637885,6.3173413058773145,6.975971409113621,7.720189657622994,7.035462205089809,8.505965553455866,7.271727797593387,TypeB
10.165056067806603,9.190548594343596,8.212574030632215,9.026986263319731,9.105900424357309,7.436052511941757,7.183782755458036,8.078143062969648,8.861636124497943,8.139060398653418,TypeB
6.423003517809002,7.1971755560491575,7.926027136405622,7.92433439567417,9.972542176789808,6.614012057601002,8.505589241835875,9.48911310832829,10.271449745422796,7.595602576816039,TypeB
8.4914294527202,8.569760357198646,8.19548173155329,7.901154798760694,8.435975389500046,5.467753914780315,8.68206949006263,8.126177903661967,7.777525103221735,10.046862195719559,TypeB
7.325065981209447,7.596924010934969,9.991553302204734,7.167938695150143,7.449884717063461,7.85297457656915,8.84073448212955,8.207802507353314,6.707374652847737,7.46783143687281,TypeB
7.392645566787788,7.9227789547769545,8.425843658629828,8.418205755887971,6.223988245951598,9.063940987560857,8.252568845996624,9.384532047593906,8.444198327290671,9.101322957735762,TypeB
8.466545311450126,9.346225756202749,8.522250636017779,7.902084753557096,10.272434720446881,8.889037122279891,8.573744421004413,6.723695583461664,6.711692382536462,8.292715482141853,TypeB
8.145521197768241,7.385877434991684,8.14098269961206,9.588626928043595,8.6954024745503,6.858991490247262,7.888491172857056,7.195033519147439,7.612300083591439,7.586384334370357,TypeB
7.522354417395995,6.744864628026605,7.87234531848181,7.43939236315269,5.070551309997732,10.052972024501663,9.088769654216673,7.623699275075004,8.018819049740598,6.828345652682438,TypeB
9.695722877810866,9.897288694773112,8.156693728246525,9.023530644185344,8.175286778933923,6.663274561124069,7.588176631036343,8.131927966771958,7.545452281256556,7.781346722564964,TypeB
7.908600442490886,7.919121502134539,8.052258490497483,6.939394933603399,7.282983850872064,6.715415734300031,8.9778155496862,5.894353058159675,9.153590343316925,9.386349397262844,TypeB
7.6978194130173785,5.396862912172701,7.63868943803271,7.93581583871118,6.989401780071087,7.484781606191757,9.530195198863352,8.66492716230174,7.0754358856219,6.402400830404568,TypeB
7.672982682390229,7.786543220649562,8.496199187363317,7.464683287432341,8.511499575361862,9.93515404006023,8.815501022444263,7.951911492669227,7.8168495289467055,7.6433268658201285,TypeB
9.180640912452144,7.372686554048697,8.045222708999983,8.051197901881086,7.498215807188468,6.627534452115899,8.322974503617669,7.938996028144617,8.50024046943657,7.466399693560833,TypeB
9.220821298813048,7.123226218788155,9.712040284017892,6.252363490171739,8.434770064556892,8.475430682526623,7.204442932059118,8.424393937861012,9.279518669760158,5.783181160645936,TypeB
8.502744807490815,5.5067291796699225,7.034335196476792,9.629166364900945,7.418217966607946,6.826120035591027,7.802062271015318,10.067906338163553,6.168317752793974,6.948690088360656,TypeB
9.497431683179627,9.857702343537733,7.896568775709716,6.760947297473358,10.09584350180916,9.594442391749197,8.678946987762233,7.18759765106258,7.950970659161963,7.839639918955169,TypeB
8.330851304615578,9.451001438131335,8.879417041137403,6.922623923015242,9.376496450019538,8.313132140013156,8.687065795858917,9.466540859278602,6.888419750486449,7.964174421293537,TypeB
7.468545448640785,6.432140574634544,8.34670997760492,10.511556551584423,6.159922255494247,7.967719388950529,8.640542935074773,8.123078201656181,7.886871947484259,6.700783636554176,TypeB
8.232786742940164,7.243236022984074,5.810078295021446,9.19459222051373,8.958385819842043,8.05166097685108,8.229074688205703,9.074318012715562,8.224339656778083,8.904017554761314,TypeB
7.7025177991261495,9.311983738573947,8.320785725932684,8.194051943605874,6.729938911287968,8.28695585430171,7.168045082505548,7.3617172734715055,7.184624371683879,6.933765068100775,TypeB
10.124771403016961,9.331339061988404,9.920367502144261,6.777104980444436,8.071253749910893,6.706492374795904,7.304305122802936,7.081873016583425,9.23958400644156,7.60377032189824,TypeB
9.068379333694017,8.604120889588518,10.303638752104789,6.5205557768602755,9.259233239786798,9.146440870400728,7.026621161972965,9.00713333647316,8.336144963026229,7.7725237400465925,TypeB
7.176064513028001,7.280890548550814,10.049812095785926,8.000682818957483,8.78213000153146,7.209100618332447,7.220147053778361,9.081984809249942,6.650423788448467,7.584786232094729,TypeB
8.034027411072232,8.111372601840053,7.820906714983844,8.395819781095923,8.692855755817812,8.73463754545933,7.014196191332173,7.715844902071203,9.194762861876939,8.894647187573872,TypeB
6.627140548518936,8.351479900352201,6.021774750625189,8.04693490206037,9.897767016745977,7.052107282731014,7.165676954508418,8.764029781572859,6.457198484790354,7.367244970114961,TypeB
8.596441137581753,7.365714152310597,7.7640300127890285,8.744185710315035,8.421546083536562,8.266818396295402,7.660877720729961,8.370061115268955,7.8762673199002435,8.457805609925785,TypeB
7.503067974882022,7.817431025620459,7.010042207447986,7.964992389993764,7.188999136371155,6.885953549838007,8.258661147855388,8.21273977585766,8.782873734948572,7.568874430424901,TypeB
8.408052846836755,8.550797572273662,8.444773807831595,7.174346317197858,8.14936348227119,8.36414029605466,8.007178466907941,5.913522341628916,8.16048962397348,10.212531039397241,TypeB
7.6399607312430176,7.271922902144679,8.373348559711399,8.312378210466571,9.192735165416414,6.742131844091112,8.731380252574992,8.590422061251463,7.857853463059454,8.33868731792169,TypeB
9.029457481598357,8.87231538002845,6.856980687926272,8.820158186755485,7.935311394967481,8.072874098015516,8.073196991001694,7.84975701120174,9.191707497107064,7.916282040150788,TypeB
6.880453871616831,7.606470144030271,8.178694716810476,9.229214784297051,8.603094684948834,7.149464721252956,10.485189916678891,8.26477531097798,9.275390737999015,7.848285566422771,TypeB
8.53335924470545,8.839468504518404,9.218194711754256,9.057368305378224,8.872197000072978,7.684913268805891,7.428253958043939,8.332607510324198,8.93312807234107,7.777279299223393,TypeB
9.065171965714386,9.452616745486178,7.08367908092658,7.16307929620372,7.859624941094664,8.307612668189197,7.475432986232949,9.352202678867144,8.424066861518451,8.03944704824074,TypeB
6.564090476131472,6.684184183572492,8.281009250281807,5.867404373845163,9.012637409644071,7.84184615562768,11.243092969594734,10.30791625061611,7.818550930752483,7.893662997468685,TypeB
8.99558151400203,9.703172609918038,6.361970942563984,6.213624534645313,7.377965194445618,8.582737583173865,8.496873590507597,9.06977145498385,6.800302471634692,5.683856137031123,TypeB
8.858014195302145,7.171803727034765,5.9815121356113625,8.145063745959382,8.793175688218678,7.877942867878723,7.542151613817511,7.840637767854093,7.629417237599217,6.651952888059833,TypeB
7.285319323009568,8.521279905013815,8.3216785413765,8.16805980596682,7.00485151814662,7.818496837864333,5.822934953557145,8.17847666388539,9.428857707813567,6.525867867957894,TypeB
7.414072326682245,8.329106778710129,9.252842634427484,7.551775383699851,7.307749670734104,6.031076857583917,8.103438129308106,10.042076040143744,8.277358461964676,7.977721020816286,TypeB
8.322082310766985,7.988907996051398,7.18698562773987,8.823279915677706,8.225761523111755,8.017613251933657,7.02463397272175,9.303507931934758,8.66470274533311,7.447079162632698,TypeB
9.001824853681937,7.502429161614793,7.217996507488963,7.240296882519713,6.228931446911909,8.471542380418207,6.16885512166165,6.771556168734238,5.924411990921467,7.913930307209107,TypeB
7.849679539728128,7.673303786813636,6.957422305329423,6.82776624656336,8.464369863546574,7.449448068291512,8.316358321536145,7.114751313875778,8.181062742771083,9.303278037316064,TypeB
8.586165800392783,7.58758618178352,8.257198970355928,7.759334825469787,8.007880184694729,7.674388947851496,7.835664794114609,8.212093353074176,7.00664130041805,6.984121173010021,TypeB
6.611457446168789,6.39972889549629,6.782717307779521,8.159462506804129,7.107212484508116,8.513614464231097,8.034713748752562,6.031495786561946,8.65497558422169,8.81079864559171,TypeB
7.006137325165147,8.420191542894992,7.143501762590801,8.097670376748335,6.735501593045035,6.206893547465423,7.617182810387031,7.876271053725164,7.602320306385396,6.81596944177744,TypeB
7.600100937868863,8.269294752580734,7.955106969877463,8.182501030599214,7.329884799545767,9.17171791471616,6.823826663445219,8.487560297086718,9.181891092959962,8.480908092748896,TypeB
7.79747577293517,7.4717029533370205,9.036087651046255,6.5770250747383265,7.029875739620357,7.6024422345082785,9.237653757511998,8.379767636040896,7.031954241489755,7.689692294615097,TypeB
7.385676855903705,7.290211007766465,8.97888955855678,6.628256870736495,9.608780855734373,8.828229690184623,9.090861670603697,7.537060487974742,7.850059280920891,6.566848185475288,TypeB
7.475337592933197,8.493654847643151,9.296063061781396,6.892843183197549,7.634494063014734,7.848700779767477,6.604210797807514,8.591349241758401,7.276009668257391,7.804609648822976,TypeB
7.548050628088122,7.210661494280326,7.9929550145194455,7.7843904214319775,7.628142117721334,7.271538378319657,8.319524670782956,9.653617268492285,8.139887232839127,8.996118214911128,TypeB
6.609778074846537,8.15776143929377,6.902631681028933,6.523075072468099,7.2606285925409635,9.191899334413574,8.950015828669645,8.2430047220544,6.467299440110069,7.803719348612063,TypeB
8.301700008901735,8.175536229578597,6.156206416519254,7.109682151980128,7.935922235851283,8.53629090951719,5.803872178900054,7.837876024520142,8.143048769878952,8.849611988516212,TypeB
8.692857584237437,8.582571318808805,7.200059493298066,6.091997862876692,7.606947242938599,9.00163182520856,9.393454527524431,8.710549102297785,8.429340822801734,8.379639648385966,TypeB
7.443881253239219,7.86993970644638,9.66906952582633,7.057441994208124,9.61477879070985,7.677971845507941,9.325432109095079,6.593184990502461,8.585904201164649,7.263229864052378,TypeB
6.584732808075812,8.218534042410946,9.009471788595969,7.155058561406504,6.500984039541599,7.908155235665045,7.912564671222819,8.548319627554498,8.949594571364488,7.940584818727506,TypeB
9.855503314794262,8.224234744535291,7.6535734939931,6.388432640897172,7.737340479683832,7.663613054588864,8.96030479628147,8.462483624066854,6.820630878367383,8.172254386411037,TypeB
8.671531171729054,9.528031359387832,8.887503967414059,8.760846654311479,8.060085994615164,8.38831200542345,9.249504900706158,6.667222602520351,7.650560672783044,7.227431251243759,TypeB
8.379153118726125,9.230222175650788,7.403025713278926,5.609695632530562,7.58777925497553,8.913473732017406,8.53762990294988,8.428186247810576,7.720006698125521,6.720969263780214,TypeB
8.515294321624467,7.165718189965375,10.184096733380457,8.570507208354517,7.419351697446049,7.388614752611372,7.907055793386411,7.760498077978251,9.116833775529955,8.186416169744046,TypeB
7.268368261091472,9.890440685155783,8.049308331520223,8.768839675968897,7.391773492555241,8.363115627744524,8.311109991143196,6.110350707903847,10.01527511046064,9.290644460922547,TypeB
7.602804683854012,6.8977302595441445,8.347561613803553,8.086697699414396,8.35566894856323,8.19157739619409,8.506240989305926,9.447305699391807,8.568103205128645,6.950344501090059,TypeB
9.362562852712452,9.640614563488288,11.152056734512085,6.876505966760402,8.242882013150275,5.917901296811013,8.55314915637921,7.451799701833227,9.923445794824953,7.225385029981418,TypeB
6.310816962032739,7.528736259297481,6.0245122287828625,8.75109945450731,5.934916953743679,8.028457581183158,5.922188180143803,7.679702195463358,9.643378155804534,8.360647891435795,TypeB
7.136506395035066,7.9687965110609165,8.018016872044447,8.472630345843406,6.633141636719174,8.592567273847331,5.295608368397225,7.37011544763619,7.5117261575484555,8.633326826071238,TypeB
8.022630852676869,6.594436946143714,7.015006874182985,8.198680009547408,7.920932658135444,7.420875890364254,7.519166210488021,8.69616799715929,7.4823074271307854,7.911908755970927,TypeB
10.169936588080542,6.576317363116077,6.148157268425342,8.783589664798606,7.321356938705897,7.68176247225738,7.218843621868886,7.740199859232487,9.59853811209634,8.80212845861812,TypeB
8.862223511886977,6.583772944207355,6.848846263447131,5.160921340514573,7.190619178917246,8.956703186385658,8.516946515748371,7.778486737047876,7.977699716281947,7.311114457424594,TypeB
8.204758882401784,8.765878279480615,6.3841132125895275,8.299647687837348,8.932434870954667,7.5848997110366305,8.700700612120583,10.814654444472552,7.895657207013108,8.393307050005324,TypeB
7.261942916338608,8.18125116260205,8.460271624982305,8.194842340270139,6.980304680291143,8.20636177132545,9.462195938717636,8.448635764514528,8.961987189071841,7.762988029987373,TypeB
8.749900239423711,8.279267838216526,7.049089270312768,8.318521004798875,7.008303336559689,7.367119725115208,8.189328307292374,8.297244273380125,6.810767534922871,9.053985771182877,TypeB
8.572006278300472,7.295271564389116,6.462415203550824,7.855095420918569,7.55405628613884,8.113140457053023,7.6368833388444335,5.99254313925499,7.611653061698842,7.694380888931687,TypeB
8.633661024774058,7.3018003253889505,9.678674673372566,6.088359449348243,9.311167497802625,7.775681029121896,8.859584872343556,8.079801484058732,9.139555536025469,7.612638035447189,TypeB
6.901379574822188,9.420504287271063,7.886519354117858,8.22155847362421,9.234751914044795,6.968044757905565,8.595490897639257,7.410105243537109,7.867830644355628,8.072278965384289,TypeB
6.499778138553064,7.2211629571795655,9.35107289241314,8.886191188584796,7.937360422672765,8.243123458512892,7.705757494363542,9.356583385827982,7.799647422205836,8.231842092134848,TypeB
9.146030144142065,7.222628515154094,9.558789184496893,6.469538590256623,9.6296421311128,7.627324416048025,7.757301252174718,6.109989828817057,7.545205282622307,6.960193468973116,TypeB
7.392353654626527,7.862689034211121,8.957791614472905,8.207603351400627,8.307676653401113,6.904480611154438,7.11924591039727,9.798725018351313,7.2647989652367535,9.656208252057295,TypeB
7.756938801119134,8.002287936143505,9.07036516022993,9.271892421938656,7.889187439720913,7.611756946478462,7.944079551477786,8.337957528232119,8.891303686869755,8.004229858994151,TypeB
8.618886298023154,9.63835973227094,8.381309612264785,8.311652856004779,6.481089174909933,5.369269863170937,8.388375729230168,7.905175768719128,7.485217325085258,8.243530204186344,TypeB
7.939596270803092,9.127780250633899,8.086110868258977,7.253076714929833,8.990166238959288,7.782868925053798,8.526536683672306,7.5225892938072,7.350173114502564,8.084168230185696,TypeB
8.012828643543685,8.479827035366833,7.731354246690257,6.163640216229602,7.567226116411612,8.793818467143815,7.702623920756894,7.753616597485452,8.986376505905938,7.288026772741077,TypeB
6.4571967817571005,7.839368880474506,7.515826048751263,7.033753680246746,7.824621544101309,8.491505647246784,7.990711438432184,8.306981072686238,9.813407698515423,7.657121138442436,TypeB
8.27834863464467,7.490786637400865,7.153640280113027,7.41509234658223,7.521241428478311,8.359475797547125,10.349075786700757,7.28395656372416,7.5833746943845375,7.936876986888752,TypeB
8.395798848709747,8.263550811954785,9.284095793948117,5.573607929464792,5.613070129804328,7.5041218279898505,9.09730018754371,6.434351968394404,4.992367660306243,8.571179406219208,TypeB
8.243657223702714,6.90979159320057,7.01446039927907,7.030256280365325,8.110535317473941,7.373684723816993,8.49406391897552,5.145373337095609,7.143148134872201,6.87394603908895,TypeB
7.743659321627508,7.461952241509861,8.797843779895766,6.1406632283399425,8.045491476330753,8.558336423211706,9.856647436561955,7.518234028906525,8.324458604352516,6.196137207437635,TypeB
5.608043795686976,8.8447743757817,7.99443970635193,9.178512689798422,6.626597111030251,8.519902139528753,9.868817840543853,8.419705608357265,8.276581505591048,8.00855608082435,TypeB
6.429118542874088,9.355572935710349,7.389142360194934,8.504483256383017,6.436965693428746,6.82054033549222,9.435087399222235,7.6526977110421575,9.453275476042545,7.921769340941482,TypeB
6.158102227042143,8.892067599731721,7.4101076822443925,8.698688813517043,8.025210867540082,6.456881772057129,8.164294765370569,10.1962231421528,8.492986458514459,7.942482246994537,TypeB
9.075343401956898,8.210668465203112,8.209534230262795,6.908374827840897,8.233848025789598,9.035443416416944,7.163937847899975,9.424495821246948,7.908293975854874,7.112230488461459,TypeB
8.997632076920244,7.713205764261731,8.759514887486107,7.708241367741463,7.940173856470096,8.493560204334292,8.290897057590007,6.0044682195482615,6.878756259905608,8.929409984790816,TypeB
7.867863411098453,7.476268697228578,6.641425984742526,6.920263678724152,5.978201360038053,7.898719281298467,7.401562419418953,7.033412109014685,7.931876574832047,8.363970630852737,TypeB
10.093197932209945,6.488116580436786,9.159381043300522,8.973101561015072,7.220907260623299,8.203235954586031,7.542366750662385,8.18568858041874,9.50913101340455,8.605606232631313,TypeB
8.508608373233441,7.569690680045357,6.515943335075665,7.791531789459592,9.206608154863915,6.472832143410352,6.944910631823305,8.126267736234068,7.015345215152737,7.2074765528847875,TypeB
7.576401418271823,6.634382595809851,7.025878153783632,8.703427916787309,6.692630217769036,6.402127865505163,7.369975020466105,8.731955502509846,7.8030781920031105,7.535418921884382,TypeB
8.044358797515606,6.254292567140348,8.494705653775032,8.383435031403645,7.590691525904279,9.005924511796417,6.8725039010469615,9.12790899325357,8.15449366559525,7.663447410121827,TypeB
7.980126364631689,7.892735234189058,9.220282896417718,6.923320872528986,7.237480760853401,9.036302892072479,7.404465064816141,8.900533077331591,9.69943598300871,7.598204973058366,TypeB
8.681362326575305,6.8463077186601415,8.754733298067809,8.199423985986767,8.473038282160216,7.354427927964605,6.338916584432828,8.503252064749505,5.936596847520546,7.682649507757465,TypeB
8.941181866419969,8.191897735873036,9.948342644789813,9.025109152581773,7.346101611674424,8.027313379851439,7.952629297455564,6.417823236653873,7.059601083515647,7.43923909302014,TypeB
5.963779497144063,8.047493468251643,7.750928155346959,6.327106098688426,8.404212865277332,8.715872744690959,8.227034478864889,7.6759318247910295,8.591442151751854,8.68022036047669,TypeB
8.307403569719689,7.175387749565239,8.27660076551118,9.195480650825479,7.403370941388269,10.09793933913243,7.474369066014615,8.032407013340137,7.327514403993664,8.22327083592026,TypeB
6.257778307364725,7.453958201183279,6.907878799651433,8.13533834789229,8.994447375508907,8.646006187114551,5.628340639141108,10.04206965292788,8.295279940620869,7.223500859506999,TypeB
8.157127918990941,8.176189822502693,7.333151283048436,8.197916667342076,7.392527712379692,7.595638007309978,7.313720864244916,6.567328710260347,8.145836470215384,8.585299436516339,TypeB
8.514883596076372,8.819925252635235,8.324340210014869,7.467274501783097,8.83966386443119,6.642482460158065,7.09932861748752,7.035799928576755,9.08005605913931,8.942788514140076,TypeB
8.487305237044994,9.071929865211796,7.120717217588012,8.348595119860981,7.874825571616836,8.846882103884914,7.8847757674478025,7.615057111589919,8.54090851856099,8.876169167191232,TypeB
7.331654805153199,7.938924328647624,6.941559366358347,5.501938982507061,8.200459631413729,8.608905356254631,8.262066809086726,6.050438282245633,7.649150569923526,5.781652239948919,TypeB
9.369701107654185,6.913945417881914,9.255403609459897,8.945869643684146,7.099409647463938,6.867215048732255,8.350370216386338,7.155675962816929,8.102484642158208,7.517172409193082,TypeB
6.218841585534367,5.769531980875541,8.226684248494598,7.438442253669375,7.446910183085867,8.695863839093786,9.173442276632445,7.727455278638191,7.659401293090139,8.500143033113885,TypeB
6.6430644303004245,8.223153054747698,8.551885971822154,8.68023020841763,6.063247297497535,7.2386447301910595,7.121736747176533,8.099886954409213,8.480744579767984,9.496710407445981,TypeB
7.505034519631927,7.502427501690786,9.149672018878746,8.296576938530306,9.267651511187974,8.288728003009837,6.842883381286729,6.666871645222193,6.448487750941071,8.662051834758474,TypeB
9.188596823087009,9.849362141386381,8.84310533232324,9.162838577534986,7.419983667346315,6.8435841832561435,8.850079332417554,8.4176807522394,8.107444374340892,8.38737148063299,TypeB
8.323185482458205,9.28381685985356,9.294985584816956,8.544220352340346,8.845802872562928,8.514062552424775,7.538830267965381,8.75656467491314,6.605504931140739,9.053891552295884,TypeB
6.805477060233965,8.285803286794733,7.154846041573841,8.553388983074427,7.966074774072091,6.405244041836667,8.42069963101848,7.422079223167289,8.88114672081337,8.001325688734408,TypeB
8.395420985388037,7.042431044984788,7.4106677685726385,7.541361363898916,8.856702480242555,9.677377087805489,7.1948282482571235,9.07684814465768,5.830322582274298,6.80581059890771,TypeB
7.041221543813225,6.6474913105592774,6.41641161021242,8.412998912137798,7.785932302272139,8.37940539760511,8.690472686121513,8.265616993172534,8.657763176150373,7.93046771375773,TypeB
6.813006611694256,9.057814180820795,7.410887867218873,7.064403701237574,7.822082124195602,7.087189080703487,7.5825696180105675,8.344053921563466,8.348341739246127,7.102169933574371,TypeB
7.512294627051255,9.074333004770244,8.496400117733941,10.07506503934854,9.180128173741528,9.14429306855994,6.612131449544198,8.763860351633422,7.94689319830309,7.449018196461751,TypeB
8.168015340532529,8.945211534611484,8.50083159100421,7.12152619865794,8.742458913592621,7.362412457924036,8.216683118964287,7.696649932522866,7.7811337482643745,8.766242975040509,TypeB
6.959806280184102,9.945195074276933,6.178913930705503,7.402332316745143,8.370211889941741,8.584314166435309,7.899524279428295,7.942609296998458,8.410550085327616,7.76893052254232,TypeB
9.393181257934906,8.839349114231602,8.872824351005635,7.033843276629583,7.920611575594297,7.699534051279296,6.994398624310534,8.360164183945766,7.462354242220184,8.655403829850236,TypeB
6.9298084371056685,9.719040612841821,7.103667341407938,8.219302337200435,8.791859310388068,7.429359569799887,8.852468643432951,6.770816402199584,9.45211769918256,8.014149264965758,TypeB
7.40358859203112,7.700818227572565,8.80891926939272,7.415544708149562,7.250642310577223,7.7784634024162616,6.823037887230032,9.820543907941815,7.433605408785277,8.831616786180403,TypeB
8.209470083647773,7.015465949518032,7.9940452907872706,8.784002779310748,7.811738664913693,9.193112945851027,9.021515392781865,8.918914854658329,7.5403432277270035,6.920157552218513,TypeB
7.386412394637206,8.196240940666721,8.545786713532355,5.8284285952395525,7.99188679838825,8.158089225323184,7.722455743684448,9.29127383901588,8.42178007425087,9.310191908080897,TypeB
7.784039479649768,8.937477492506925,9.63506639452752,9.311693449272662,6.9078584065712665,7.746323922457619,7.654835294550203,8.489254535076327,8.686353555014533,7.161107325974264,TypeB
8.067838513916938,5.980072667843864,9.44194500580189,7.487625759323306,8.055863939844498,7.690350286011939,9.146027575013415,5.1624935586026215,7.983389657674091,7.894181242502302,TypeB
7.546363612408317,9.726226545635633,7.112670541144229,8.771796177235661,8.356252788706083,9.261519252535516,7.3328109152224945,7.267031100876241,9.096069907477398,8.42532130833011,TypeB
6.455062653323242,7.46069498553673,8.386382653848061,8.837764221546589,7.320769346807045,5.085744010183059,8.523223185737033,6.779679310056024,5.982661201877589,5.167674075015859,TypeB
8.813980860197741,8.128617450404967,7.774343619287748,9.389024362962761,8.637324683023072,9.616300042721917,6.607264527833004,7.9654493760460365,6.383286625051985,7.770617668144533,TypeB
7.751384146233323,8.626613637263072,8.045563881141899,8.623407138279916,8.703440133138894,10.154928677383142,7.684703344713876,7.058977299333621,8.246083615316408,7.197719972860456,TypeB
9.481960768436537,7.716781961054767,7.43442363212601,7.528684278848882,8.71841742347164,7.842253016768515,7.358333179869618,9.66535191762353,7.14383015933825,8.035566074032994,TypeB
8.65230615161023,6.368664889582927,8.480260501405924,6.94489232451955,8.822782780834002,7.037348988081024,8.69276903184886,9.105833066294712,8.861436525632804,8.251316648238102,TypeB
7.7686990570703,7.423580423665156,9.471034690817104,7.300504779832357,6.962933926430004,8.66536893503283,7.203863196813504,7.049936502533873,6.556395737830235,7.517090160539483,TypeB
7.917284976103507,8.2430917276607,8.951306244299483,8.526897923665794,7.80912778044682,7.8018043236202805,8.510157468915184,9.27257016292857,8.1263141994832,7.530869145789591,TypeB
7.007133998914455,6.554794735587775,8.666269672043523,8.577978523639556,8.577363525106662,7.871340553647944,9.40693474589175,7.515881505415182,8.955269237207206,7.961257105010457,TypeB
7.391649235320663,8.59253030731776,8.409636118683993,8.356972759266926,8.081278422056199,7.962106918283169,10.38837199287044,9.184256645196173,8.722826894985513,8.111799158203388,TypeB
9.00715720059667,8.517994776391452,8.026204752774035,7.696435674734085,7.919082662337312,4.829574264121945,8.210600839297642,7.51152391988964,9.592669998282885,8.019344070811755,TypeB
6.811036580465038,7.950119845871883,6.953878914937496,8.473407415712467,8.290947364339486,8.957839631108268,7.209118208305434,8.034008096228147,6.634978204573365,8.701494781924714,TypeB
8.518871180440122,8.495805021027572,8.001619031356942,8.414772890788791,9.604339108308597,7.714905742957986,8.138645183710084,6.91387370081859,7.131739038401667,8.097813293093308,TypeB
9.103933546701906,7.743719175748428,7.764083470687876,7.593114755495625,7.465243329155677,8.294971455708822,6.502742354821356,9.280939576666727,7.33457770187054,8.72190348543814,TypeB
6.730001402606124,8.668840130546219,8.671944607814497,8.384202072005897,7.005571478200208,8.249548189598077,6.816943815265611,7.747236744903814,9.029413100955326,8.796701927070742,TypeB
8.015182942540433,7.025193424077158,8.645587712174194,8.019381237698026,5.679684401769577,8.782629826316517,7.975767166130308,9.202451247983072,6.9047294811571955,4.823296186803999,TypeB
8.279083858345185,8.291563676681973,6.309328372393548,7.021500454133394,10.755217743719902,7.694389385846197,8.730958976376217,7.349340172631616,5.909697101146843,7.829741753204095,TypeB
7.734395439713895,7.6001217613316285,7.885359164493607,8.264268271645637,7.849883048746193,6.735993832052636,8.48618479156194,6.0506282446775765,5.9496425427158,8.739180494701568,TypeB
8.507020272135357,7.942604634925964,6.6045514952449285,7.292089059325924,7.737253252313496,6.404106031425886,7.260971341976767,8.65233033817668,9.427305364289216,7.5805652473414495,TypeB
8.7564883543161,6.0859399294125325,8.659451241113612,7.196051585272519,8.30734561670797,7.752247581760291,9.320414009783834,7.125564351660082,8.627606297561831,7.720492536703467,TypeB
7.841694521990336,7.81614610684079,7.154326895505887,7.985901034093328,7.937351777878178,8.24124024840673,8.084505145692862,8.797994549612236,8.923508616047368,6.949376678172198,TypeB
8.86877250059077,6.813663572890146,8.587855888137735,8.619738784702868,6.088683108337496,8.09297924652941,7.531503886639684,7.241234742064625,9.350852330699006,7.3463208593625815,TypeB
7.19362307088195,8.075694940005093,8.685589746298417,7.858351413989873,9.166370545669253,8.53097566196409,5.82178868026857,7.470533036492991,7.438157900648301,8.479360953429422,TypeB
5.375182943625888,10.549009708717723,8.53102609489421,8.148876803917691,9.181567716419146,10.343654052812624,8.870746644588403,8.94881309647162,8.130690024464382,7.858474246633052,TypeB
7.524204555995099,7.1738880082854575,7.312985900300503,6.649444035657017,7.924128549314977,6.315332422773613,8.190916524143711,7.963669391957659,8.146935298386687,7.477868429980008,TypeB
11.076860370180503,9.360115900180313,6.755457499915277,8.232868087426898,7.391993857062676,6.985520273292586,6.6599279288760656,8.432216690759255,7.3186197649304265,8.967826024025204,TypeB
8.99378221453044,9.37391438521145,7.147613233925896,8.47536561069201,8.632454216642302,7.525821824896035,7.228228042607125,9.609520665775973,8.227495875732053,8.635967750711737,TypeB
7.177923988172073,6.780715533477807,7.43055022550789,7.875978612610003,6.935779993182651,7.990155191349617,6.3114948119314995,6.879952577530128,8.670911248276875,8.603790520277894,TypeB
7.608123234613133,6.982235690923047,6.972596448473989,7.626731754058686,8.644518491645291,8.928245691344324,7.503468264518031,6.846507574015217,8.267843637866333,7.1764650293741505,TypeB
7.4817473611387975,9.325276090437038,8.827115428565769,8.157974312251453,6.728080998887277,8.21139656747066,9.062657290787527,7.624366334234464,9.351114089986716,9.292745289518207,TypeB
9.663732832143474,8.305243126531353,8.587391699806012,9.41418728833109,8.447393937068975,7.4987658922097875,7.551457163472139,8.23855495377374,6.709438578053781,7.856741084635807,TypeB
9.096547118230253,5.808746148834719,9.534482101794515,9.12237421870316,7.540235384169524,8.543390827871809,8.003147726906327,9.229990368438683,8.982683142769941,6.599929276816991,TypeB
8.587262413464178,7.794372146356753,8.0828325705181,7.271828099030184,9.748137069120835,9.040061819902576,7.260228836027033,6.665389393089767,7.614327369022152,8.434502646091305,TypeB
8.240205843946223,9.253132824768244,8.789919722180851,8.969569025752907,8.326855400610437,6.6107012697890095,7.804301468853098,9.060089739908666,7.948477071475354,8.503090368623747,TypeB
7.6812516847538665,6.970188151458155,7.87665593595389,8.309047443032654,7.344312280538556,7.7642887551433315,7.060536758014018,9.119244917564096,7.705544242411966,9.452755545126184,TypeB
9.528747850540908,7.918954035278256,6.9915512674526505,5.914102122266662,6.527962926973208,6.62616517510134,9.378469627461504,8.115824587226946,8.389604524091988,5.779578991064874,TypeB
6.802033570782738,8.887079776446287,8.286774112382586,7.852794721314403,8.564842358600123,9.635797806135814,7.77895753646295,8.06936980265807,8.192596918731304,10.392109635273993,TypeB
5.900643735580974,8.683223014788808,7.885197751240936,8.566771726184179,7.342627446005276,7.95103496914155,8.711410579465495,11.11291020104384,8.808036189402072,7.151934401969491,TypeB
